2026-08-25 08:31:36 | INFO | P05 | === RUN START ===
2026-08-25 08:31:36 | INFO | P05 | project=P05 - PYTHON AND SQL
2026-08-25 08:31:36 | INFO | P05 | repo_dir=datafun-05-sql
2026-08-25 08:31:36 | INFO | P05 | python=3.14.7
2026-08-25 08:31:36 | INFO | P05 | os=Windows 11
2026-08-25 08:31:36 | INFO | P05 | shell=powershell
2026-08-25 08:31:36 | INFO | P05 | cwd=.
2026-08-25 08:31:36 | INFO | P05 | github_actions=False
2026-08-25 08:31:36 | INFO | P05 | ===================================
2026-08-25 08:31:36 | INFO | P05 | START main()
2026-08-25 08:31:36 | INFO | P05 | ===================================
2026-08-25 08:31:36 | INFO | P05 | -------------------------------
2026-08-25 08:31:36 | INFO | P05 | 01. LOAD the related tables.
2026-08-25 08:31:36 | INFO | P05 | -------------------------------
2026-08-25 08:31:36 | INFO | P05 | regions file = data\retail\region.csv
2026-08-25 08:31:36 | INFO | P05 | stores file = data\retail\store.csv
2026-08-25 08:31:36 | INFO | P05 | employees file = data\retail\employee.csv
2026-08-25 08:31:36 | INFO | P05 | Related tables loaded successfully.
2026-08-25 08:31:36 | INFO | P05 | -------------------------------
2026-08-25 08:31:36 | INFO | P05 | 02. INSPECT the grain and keys.
2026-08-25 08:31:36 | INFO | P05 | -------------------------------
2026-08-25 08:31:36 | INFO | P05 | Regions grain: one business region
2026-08-25 08:31:36 | INFO | P05 | Stores grain: one store
2026-08-25 08:31:36 | INFO | P05 | Employees grain: one employee
2026-08-25 08:31:36 | INFO | P05 | Regions columns: ['region_id', 'region_name']
2026-08-25 08:31:36 | INFO | P05 | Stores columns: ['store_id', 'store_name', 'region_id', 'store_type', 'square_feet']
2026-08-25 08:31:36 | INFO | P05 | Employees columns: ['employee_id', 'employee_name', 'store_id', 'role', 'years_employed']
2026-08-25 08:31:36 | INFO | P05 | 
The data is stored in three related tables.

One region can have many stores.
The stores table uses region_id to identify each store's region.

One store can have many employees.
The employees table uses store_id to identify each employee's store.

The shared keys connect information stored in different tables.

2026-08-25 08:31:36 | INFO | P05 | -------------------------------
2026-08-25 08:31:36 | INFO | P05 | 03. CREATE a SQLite database.
2026-08-25 08:31:36 | INFO | P05 | -------------------------------
2026-08-25 08:31:36 | INFO | P05 | SQLite database = data\retail\business.sqlite
2026-08-25 08:31:36 | INFO | P05 | SQLite database connection created.
2026-08-25 08:31:36 | INFO | P05 | -------------------------------
2026-08-25 08:31:36 | INFO | P05 | 04. LOAD the tables into SQLite.
2026-08-25 08:31:36 | INFO | P05 | -------------------------------
2026-08-25 08:31:36 | INFO | P05 | Related tables loaded into SQLite.
2026-08-25 08:31:36 | INFO | P05 | -------------------------------
2026-08-25 08:31:36 | INFO | P05 | 05. QUERY across related tables with SQL.
2026-08-25 08:31:36 | INFO | P05 | -------------------------------
2026-08-25 08:31:36 | INFO | P05 | 
I want to compare the number of employees working at each store.
The result should have one row per store.

The information I need requires all three tables:
 - region name is in regions,
 - store name is in stores,
 - employee info is in employees.

2026-08-25 08:31:36 | INFO | P05 | 
SQL query:

SELECT
    r.region_name,
    s.store_name,
    COUNT(e.employee_id) AS employee_count
FROM regions AS r
JOIN stores AS s
    ON r.region_id = s.region_id
LEFT JOIN employees AS e
    ON s.store_id = e.store_id
GROUP BY
    r.region_name,
    s.store_name
ORDER BY
    employee_count DESC;

2026-08-25 08:31:36 | INFO | P05 | 
Query result:
   region_name        store_name  employee_count
0         West     Coastal Plaza              18
1        South  Peachtree Center              17
2         East      Maple Square              15
3        South   Sunrise Commons              14
4      Central    Prairie Center              13
5         West     Canyon Center              13
6        North         Northgate              12
7         East      Harbor Point              11
8      Central  Lakeside Commons              10
9        South   Magnolia Market              10
10       North       Cedar Plaza               9
11     Central      River Market               8
12        West    Desert Springs               7
13        East     Pine Crossing               6
14       South    Bayou Crossing               5
2026-08-25 08:31:36 | INFO | P05 | -------------------------------
2026-08-25 08:31:36 | INFO | P05 | 06. VISUALIZE the query result with Python.
2026-08-25 08:31:36 | INFO | P05 | -------------------------------
2026-08-25 08:31:36 | INFO | P05 | 
The query result has one numeric value
(employee count) for each store.

A bar chart works for comparing
a numeric value across named categories.
Every pandas df has a
plot.box() method for creating box plots.

2026-08-25 08:31:36 | INFO | P05 | Chart saved successfully at docs\images\first-chart.png.
2026-08-25 08:31:36 | INFO | P05 | -------------------------------
2026-08-25 08:31:36 | INFO | P05 | 07. SUMMARIZE what you found.
2026-08-25 08:31:36 | INFO | P05 | -------------------------------
2026-08-25 08:31:36 | INFO | P05 | CUSTOM OBSERVATIONS:
    The SQL query connected information from
    the regions, stores, and employees tables.

    The result has one row per store.

    I observed ...

    Based on this result, I would next like to explore ...
    
2026-08-25 08:31:36 | INFO | P05 | -------------------------------
2026-08-25 08:31:36 | INFO | P05 | 08. DISPLAY the visualization.
2026-08-25 08:31:36 | INFO | P05 | -------------------------------
2026-08-25 08:31:36 | INFO | P05 | In a script, call plt.show() at the end to display all charts.
2026-08-25 08:31:36 | INFO | P05 | Close all chart windows (with the close button) to continue.
2026-08-25 08:31:36 | INFO | P05 | ===================================
2026-08-25 08:31:36 | INFO | P05 | END main() - Executed successfully!
2026-08-25 08:31:36 | INFO | P05 | ===================================
2026-09-18 11:44:53 | INFO | P05 | === RUN START ===
2026-09-18 11:44:53 | INFO | P05 | project=P05 - PYTHON AND SQL
2026-09-18 11:44:53 | INFO | P05 | repo_dir=datafun-05-sql
2026-09-18 11:44:53 | INFO | P05 | python=3.14.7
2026-09-18 11:44:53 | INFO | P05 | os=Windows 11
2026-09-18 11:44:53 | INFO | P05 | shell=powershell
2026-09-18 11:44:53 | INFO | P05 | cwd=.
2026-09-18 11:44:53 | INFO | P05 | github_actions=False
2026-09-18 11:44:53 | INFO | P05 | ===================================
2026-09-18 11:44:53 | INFO | P05 | START main()
2026-09-18 11:44:53 | INFO | P05 | ===================================
2026-09-18 11:44:53 | INFO | P05 | -------------------------------
2026-09-18 11:44:53 | INFO | P05 | 01. LOAD the related tables.
2026-09-18 11:44:53 | INFO | P05 | -------------------------------
2026-09-18 11:44:53 | INFO | P05 | regions file = data\retail\region.csv
2026-09-18 11:44:53 | INFO | P05 | stores file = data\retail\store.csv
2026-09-18 11:44:53 | INFO | P05 | employees file = data\retail\employee.csv
2026-09-18 11:44:53 | INFO | P05 | Related tables loaded successfully.
2026-09-18 11:44:53 | INFO | P05 | -------------------------------
2026-09-18 11:44:53 | INFO | P05 | 02. INSPECT the grain and keys.
2026-09-18 11:44:53 | INFO | P05 | -------------------------------
2026-09-18 11:44:53 | INFO | P05 | Regions grain: one business region
2026-09-18 11:44:53 | INFO | P05 | Stores grain: one store
2026-09-18 11:44:53 | INFO | P05 | Employees grain: one employee
2026-09-18 11:44:53 | INFO | P05 | Regions columns: ['region_id', 'region_name']
2026-09-18 11:44:53 | INFO | P05 | Stores columns: ['store_id', 'store_name', 'region_id', 'store_type', 'square_feet']
2026-09-18 11:44:53 | INFO | P05 | Employees columns: ['employee_id', 'employee_name', 'store_id', 'role', 'years_employed']
2026-09-18 11:44:53 | INFO | P05 | 
The data is stored in three related tables.

One region can have many stores.
The stores table uses region_id to identify each store's region.

One store can have many employees.
The employees table uses store_id to identify each employee's store.

The shared keys connect information stored in different tables.

2026-09-18 11:44:53 | INFO | P05 | -------------------------------
2026-09-18 11:44:53 | INFO | P05 | 03. CREATE a SQLite database.
2026-09-18 11:44:53 | INFO | P05 | -------------------------------
2026-09-18 11:44:53 | INFO | P05 | SQLite database = data\retail\business.sqlite
2026-09-18 11:44:53 | INFO | P05 | SQLite database connection created.
2026-09-18 11:44:53 | INFO | P05 | -------------------------------
2026-09-18 11:44:53 | INFO | P05 | 04. LOAD the tables into SQLite.
2026-09-18 11:44:53 | INFO | P05 | -------------------------------
2026-09-18 11:44:53 | INFO | P05 | Related tables loaded into SQLite.
2026-09-18 11:44:53 | INFO | P05 | -------------------------------
2026-09-18 11:44:53 | INFO | P05 | 05. QUERY across related tables with SQL.
2026-09-18 11:44:53 | INFO | P05 | -------------------------------
2026-09-18 11:44:53 | INFO | P05 | 
I want to compare the number of employees working at each store.
The result should have one row per store.

The information I need requires all three tables:
 - region name is in regions,
 - store name is in stores,
 - employee info is in employees.

2026-09-18 11:44:53 | INFO | P05 | 
SQL query:

SELECT
    r.region_name,
    s.store_name,
    COUNT(e.employee_id) AS employee_count
FROM regions AS r
JOIN stores AS s
    ON r.region_id = s.region_id
LEFT JOIN employees AS e
    ON s.store_id = e.store_id
GROUP BY
    r.region_name,
    s.store_name
ORDER BY
    employee_count DESC;

2026-09-18 11:44:53 | INFO | P05 | 
Query result:
   region_name        store_name  employee_count
0         West     Coastal Plaza              18
1        South  Peachtree Center              17
2         East      Maple Square              15
3        South   Sunrise Commons              14
4      Central    Prairie Center              13
5         West     Canyon Center              13
6        North         Northgate              12
7         East      Harbor Point              11
8      Central  Lakeside Commons              10
9        South   Magnolia Market              10
10       North       Cedar Plaza               9
11     Central      River Market               8
12        West    Desert Springs               7
13        East     Pine Crossing               6
14       South    Bayou Crossing               5
2026-09-18 11:44:53 | INFO | P05 | -------------------------------
2026-09-18 11:44:53 | INFO | P05 | 06. VISUALIZE the query result with Python.
2026-09-18 11:44:53 | INFO | P05 | -------------------------------
2026-09-18 11:44:53 | INFO | P05 | 
The query result has one numeric value
(employee count) for each store.

A bar chart works for comparing
a numeric value across named categories.
Every pandas df has a
plot.box() method for creating box plots.

2026-09-18 11:44:54 | INFO | P05 | Chart saved successfully at docs\images\first-chart.png.
2026-09-18 11:44:54 | INFO | P05 | -------------------------------
2026-09-18 11:44:54 | INFO | P05 | 07. SUMMARIZE what you found.
2026-09-18 11:44:54 | INFO | P05 | -------------------------------
2026-09-18 11:44:54 | INFO | P05 | CUSTOM OBSERVATIONS:
    The SQL query connected information from
    the regions, stores, and employees tables.

    The result has one row per store.

    I observed ...

    Based on this result, I would next like to explore ...
    
2026-09-18 11:44:54 | INFO | P05 | -------------------------------
2026-09-18 11:44:54 | INFO | P05 | 08. DISPLAY the visualization.
2026-09-18 11:44:54 | INFO | P05 | -------------------------------
2026-09-18 11:44:54 | INFO | P05 | In a script, call plt.show() at the end to display all charts.
2026-09-18 11:44:54 | INFO | P05 | Close all chart windows (with the close button) to continue.
2026-09-18 11:47:34 | INFO | P05 | ===================================
2026-09-18 11:47:34 | INFO | P05 | END main() - Executed successfully!
2026-09-18 11:47:34 | INFO | P05 | ===================================
2026-09-18 12:12:02 | INFO | P05 | === RUN START ===
2026-09-18 12:12:02 | INFO | P05 | project=P05 - PYTHON AND SQL
2026-09-18 12:12:02 | INFO | P05 | repo_dir=datafun-05-sql
2026-09-18 12:12:02 | INFO | P05 | python=3.14.7
2026-09-18 12:12:02 | INFO | P05 | os=Windows 11
2026-09-18 12:12:02 | INFO | P05 | shell=powershell
2026-09-18 12:12:02 | INFO | P05 | cwd=.
2026-09-18 12:12:02 | INFO | P05 | github_actions=False
2026-09-18 12:12:02 | INFO | P05 | ===================================
2026-09-18 12:12:02 | INFO | P05 | START main()
2026-09-18 12:12:02 | INFO | P05 | ===================================
2026-09-18 12:12:02 | INFO | P05 | -------------------------------
2026-09-18 12:12:02 | INFO | P05 | 01. LOAD the related tables.
2026-09-18 12:12:02 | INFO | P05 | -------------------------------
2026-09-18 12:12:02 | INFO | P05 | regions file = data\retail\region.csv
2026-09-18 12:12:02 | INFO | P05 | stores file = data\retail\store.csv
2026-09-18 12:12:02 | INFO | P05 | employees file = data\retail\employee.csv
2026-09-18 12:12:02 | INFO | P05 | Related tables loaded successfully.
2026-09-18 12:12:02 | INFO | P05 | -------------------------------
2026-09-18 12:12:02 | INFO | P05 | 02. INSPECT the grain and keys.
2026-09-18 12:12:02 | INFO | P05 | -------------------------------
2026-09-18 12:12:02 | INFO | P05 | Regions grain: one business region
2026-09-18 12:12:02 | INFO | P05 | Stores grain: one store
2026-09-18 12:12:02 | INFO | P05 | Employees grain: one employee
2026-09-18 12:12:02 | INFO | P05 | Regions columns: ['region_id', 'region_name']
2026-09-18 12:12:02 | INFO | P05 | Stores columns: ['store_id', 'store_name', 'region_id', 'store_type', 'square_feet']
2026-09-18 12:12:02 | INFO | P05 | Employees columns: ['employee_id', 'employee_name', 'store_id', 'role', 'years_employed']
2026-09-18 12:12:02 | INFO | P05 | 
The data is stored in three related tables.

One region can have many stores.
The stores table uses region_id to identify each store's region.

One store can have many employees.
The employees table uses store_id to identify each employee's store.

The shared keys connect information stored in different tables.

2026-09-18 12:12:02 | INFO | P05 | -------------------------------
2026-09-18 12:12:02 | INFO | P05 | 03. CREATE a SQLite database.
2026-09-18 12:12:02 | INFO | P05 | -------------------------------
2026-09-18 12:12:02 | INFO | P05 | SQLite database = data\retail\business.sqlite
2026-09-18 12:12:02 | INFO | P05 | SQLite database connection created.
2026-09-18 12:12:02 | INFO | P05 | -------------------------------
2026-09-18 12:12:02 | INFO | P05 | 04. LOAD the tables into SQLite.
2026-09-18 12:12:02 | INFO | P05 | -------------------------------
2026-09-18 12:12:02 | INFO | P05 | Related tables loaded into SQLite.
2026-09-18 12:12:02 | INFO | P05 | -------------------------------
2026-09-18 12:12:02 | INFO | P05 | 05. QUERY across related tables with SQL.
2026-09-18 12:12:02 | INFO | P05 | -------------------------------
2026-09-18 12:12:02 | INFO | P05 | 
I want to compare the number of employees working at each store.
The result should have one row per store.

The information I need requires all three tables:
 - region name is in regions,
 - store name is in stores,
 - employee info is in employees.

2026-09-18 12:12:02 | INFO | P05 | 
SQL query:

SELECT
    r.region_name,
    s.store_name,
    COUNT(e.employee_id) AS employee_count
FROM regions AS r
JOIN stores AS s
    ON r.region_id = s.region_id
LEFT JOIN employees AS e
    ON s.store_id = e.store_id
GROUP BY
    r.region_name,
    s.store_name
ORDER BY
    employee_count DESC;

2026-09-18 12:12:02 | INFO | P05 | 
Query result:
   region_name        store_name  employee_count
0         West     Coastal Plaza              18
1        South  Peachtree Center              17
2         East      Maple Square              15
3        South   Sunrise Commons              14
4      Central    Prairie Center              13
5         West     Canyon Center              13
6        North         Northgate              12
7         East      Harbor Point              11
8      Central  Lakeside Commons              10
9        South   Magnolia Market              10
10       North       Cedar Plaza               9
11     Central      River Market               8
12        West    Desert Springs               7
13        East     Pine Crossing               6
14       South    Bayou Crossing               5
2026-09-18 12:12:02 | INFO | P05 | -------------------------------
2026-09-18 12:12:02 | INFO | P05 | 06. VISUALIZE the query result with Python.
2026-09-18 12:12:02 | INFO | P05 | -------------------------------
2026-09-18 12:12:02 | INFO | P05 | 
The query result has one numeric value
(employee count) for each store.

A bar chart works for comparing
a numeric value across named categories.
Every pandas df has a
plot.box() method for creating box plots.

2026-09-18 12:12:03 | INFO | P05 | Chart saved successfully at docs\images\first-chart.png.
2026-09-18 12:12:03 | INFO | P05 | -------------------------------
2026-09-18 12:12:03 | INFO | P05 | 07. SUMMARIZE what you found.
2026-09-18 12:12:03 | INFO | P05 | -------------------------------
2026-09-18 12:12:03 | INFO | P05 | CUSTOM OBSERVATIONS:
    The SQL query connected information from
    the regions, stores, and employees tables.

    The result has one row per store.

    I observed ...

    Based on this result, I would next like to explore ...
    
2026-09-18 12:12:03 | INFO | P05 | -------------------------------
2026-09-18 12:12:03 | INFO | P05 | 08. DISPLAY the visualization.
2026-09-18 12:12:03 | INFO | P05 | -------------------------------
2026-09-18 12:12:03 | INFO | P05 | In a script, call plt.show() at the end to display all charts.
2026-09-18 12:12:03 | INFO | P05 | Close all chart windows (with the close button) to continue.
2026-09-18 12:12:13 | INFO | P05 | ===================================
2026-09-18 12:12:13 | INFO | P05 | END main() - Executed successfully!
2026-09-18 12:12:13 | INFO | P05 | ===================================
2026-09-21 09:15:19 | INFO | P05 | === RUN START ===
2026-09-21 09:15:19 | INFO | P05 | project=P05 - PYTHON AND SQL
2026-09-21 09:15:19 | INFO | P05 | repo_dir=datafun-05-sql
2026-09-21 09:15:19 | INFO | P05 | python=3.14.7
2026-09-21 09:15:19 | INFO | P05 | os=Windows 11
2026-09-21 09:15:19 | INFO | P05 | shell=powershell
2026-09-21 09:15:19 | INFO | P05 | cwd=.
2026-09-21 09:15:19 | INFO | P05 | github_actions=False
2026-09-21 09:15:19 | INFO | P05 | ===================================
2026-09-21 09:15:19 | INFO | P05 | START main()
2026-09-21 09:15:19 | INFO | P05 | ===================================
2026-09-21 09:15:19 | INFO | P05 | -------------------------------
2026-09-21 09:15:19 | INFO | P05 | 01. LOAD the related tables.
2026-09-21 09:15:19 | INFO | P05 | -------------------------------
2026-09-21 09:15:19 | INFO | P05 | regions file = data\retail\region.csv
2026-09-21 09:15:19 | INFO | P05 | stores file = data\retail\store.csv
2026-09-21 09:15:19 | INFO | P05 | employees file = data\retail\employee.csv
2026-09-21 09:15:19 | INFO | P05 | Related tables loaded successfully.
2026-09-21 09:15:19 | INFO | P05 | -------------------------------
2026-09-21 09:15:19 | INFO | P05 | 02. INSPECT the grain and keys.
2026-09-21 09:15:19 | INFO | P05 | -------------------------------
2026-09-21 09:15:19 | INFO | P05 | Regions grain: one business region
2026-09-21 09:15:19 | INFO | P05 | Stores grain: one store
2026-09-21 09:15:19 | INFO | P05 | Employees grain: one employee
2026-09-21 09:15:19 | INFO | P05 | Regions columns: ['region_id', 'region_name']
2026-09-21 09:15:19 | INFO | P05 | Stores columns: ['store_id', 'store_name', 'region_id', 'store_type', 'square_feet']
2026-09-21 09:15:19 | INFO | P05 | Employees columns: ['employee_id', 'employee_name', 'store_id', 'role', 'years_employed']
2026-09-21 09:15:19 | INFO | P05 | 
The data is stored in three related tables.

One region can have many stores.
The stores table uses region_id to identify each store's region.

One store can have many employees.
The employees table uses store_id to identify each employee's store.

The shared keys connect information stored in different tables.

2026-09-21 09:15:19 | INFO | P05 | -------------------------------
2026-09-21 09:15:19 | INFO | P05 | 03. CREATE a SQLite database.
2026-09-21 09:15:19 | INFO | P05 | -------------------------------
2026-09-21 09:15:19 | INFO | P05 | SQLite database = data\retail\business.sqlite
2026-09-21 09:15:19 | INFO | P05 | SQLite database connection created.
2026-09-21 09:15:19 | INFO | P05 | -------------------------------
2026-09-21 09:15:19 | INFO | P05 | 04. LOAD the tables into SQLite.
2026-09-21 09:15:19 | INFO | P05 | -------------------------------
2026-09-21 09:15:19 | INFO | P05 | Related tables loaded into SQLite.
2026-09-21 09:15:19 | INFO | P05 | -------------------------------
2026-09-21 09:15:19 | INFO | P05 | 05. QUERY across related tables with SQL.
2026-09-21 09:15:19 | INFO | P05 | -------------------------------
2026-09-21 09:15:19 | INFO | P05 | 
I want to compare the number of employees working at each store.
The result should have one row per store.

The information I need requires all three tables:
 - region name is in regions,
 - store name is in stores,
 - employee info is in employees.

2026-09-21 09:15:19 | INFO | P05 | 
SQL query:

SELECT
    r.region_name,
    s.store_name,
    COUNT(e.employee_id) AS employee_count
FROM regions AS r
JOIN stores AS s
    ON r.region_id = s.region_id
LEFT JOIN employees AS e
    ON s.store_id = e.store_id
GROUP BY
    r.region_name,
    s.store_name
ORDER BY
    employee_count ASC;

2026-09-21 09:15:19 | INFO | P05 | 
Query result:
   region_name        store_name  employee_count
0        South    Bayou Crossing               5
1         East     Pine Crossing               6
2         West    Desert Springs               7
3      Central      River Market               8
4        North       Cedar Plaza               9
5      Central  Lakeside Commons              10
6        South   Magnolia Market              10
7         East      Harbor Point              11
8        North         Northgate              12
9      Central    Prairie Center              13
10        West     Canyon Center              13
11       South   Sunrise Commons              14
12        East      Maple Square              15
13       South  Peachtree Center              17
14        West     Coastal Plaza              18
2026-09-21 09:15:19 | INFO | P05 | -------------------------------
2026-09-21 09:15:19 | INFO | P05 | 06. VISUALIZE the query result with Python.
2026-09-21 09:15:19 | INFO | P05 | -------------------------------
2026-09-21 09:15:19 | INFO | P05 | 
The query result has one numeric value
(employee count) for each store.

A bar chart works for comparing
a numeric value across named categories.
Every pandas df has a
plot.box() method for creating box plots.

2026-09-21 09:15:20 | INFO | P05 | Chart saved successfully at docs\images\first-chart.png.
2026-09-21 09:15:20 | INFO | P05 | -------------------------------
2026-09-21 09:15:20 | INFO | P05 | 07. SUMMARIZE what you found.
2026-09-21 09:15:20 | INFO | P05 | -------------------------------
2026-09-21 09:15:20 | INFO | P05 | CUSTOM OBSERVATIONS:
    The SQL query connected information from
    the regions, stores, and employees tables.

    The result has one row per store.

    I observed ...

    Based on this result, I would next like to explore ...
    
2026-09-21 09:15:20 | INFO | P05 | -------------------------------
2026-09-21 09:15:20 | INFO | P05 | 08. DISPLAY the visualization.
2026-09-21 09:15:20 | INFO | P05 | -------------------------------
2026-09-21 09:15:20 | INFO | P05 | In a script, call plt.show() at the end to display all charts.
2026-09-21 09:15:20 | INFO | P05 | Close all chart windows (with the close button) to continue.
2026-09-21 09:15:26 | INFO | P05 | ===================================
2026-09-21 09:15:26 | INFO | P05 | END main() - Executed successfully!
2026-09-21 09:15:26 | INFO | P05 | ===================================
2026-09-21 09:18:21 | INFO | P05 | === RUN START ===
2026-09-21 09:18:21 | INFO | P05 | project=P05 - PYTHON AND SQL
2026-09-21 09:18:21 | INFO | P05 | repo_dir=datafun-05-sql
2026-09-21 09:18:21 | INFO | P05 | python=3.14.7
2026-09-21 09:18:21 | INFO | P05 | os=Windows 11
2026-09-21 09:18:21 | INFO | P05 | shell=powershell
2026-09-21 09:18:21 | INFO | P05 | cwd=.
2026-09-21 09:18:21 | INFO | P05 | github_actions=False
2026-09-21 09:18:21 | INFO | P05 | ===================================
2026-09-21 09:18:21 | INFO | P05 | START main()
2026-09-21 09:18:21 | INFO | P05 | ===================================
2026-09-21 09:18:21 | INFO | P05 | -------------------------------
2026-09-21 09:18:21 | INFO | P05 | 01. LOAD the related tables.
2026-09-21 09:18:21 | INFO | P05 | -------------------------------
2026-09-21 09:18:21 | INFO | P05 | regions file = data\retail\region.csv
2026-09-21 09:18:21 | INFO | P05 | stores file = data\retail\store.csv
2026-09-21 09:18:21 | INFO | P05 | employees file = data\retail\employee.csv
2026-09-21 09:18:21 | INFO | P05 | Related tables loaded successfully.
2026-09-21 09:18:21 | INFO | P05 | -------------------------------
2026-09-21 09:18:21 | INFO | P05 | 02. INSPECT the grain and keys.
2026-09-21 09:18:21 | INFO | P05 | -------------------------------
2026-09-21 09:18:21 | INFO | P05 | Regions grain: one business region
2026-09-21 09:18:21 | INFO | P05 | Stores grain: one store
2026-09-21 09:18:21 | INFO | P05 | Employees grain: one employee
2026-09-21 09:18:21 | INFO | P05 | Regions columns: ['region_id', 'region_name']
2026-09-21 09:18:21 | INFO | P05 | Stores columns: ['store_id', 'store_name', 'region_id', 'store_type', 'square_feet']
2026-09-21 09:18:21 | INFO | P05 | Employees columns: ['employee_id', 'employee_name', 'store_id', 'role', 'years_employed']
2026-09-21 09:18:21 | INFO | P05 | 
The data is stored in three related tables.

One region can have many stores.
The stores table uses region_id to identify each store's region.

One store can have many employees.
The employees table uses store_id to identify each employee's store.

The shared keys connect information stored in different tables.

2026-09-21 09:18:21 | INFO | P05 | -------------------------------
2026-09-21 09:18:21 | INFO | P05 | 03. CREATE a SQLite database.
2026-09-21 09:18:21 | INFO | P05 | -------------------------------
2026-09-21 09:18:21 | INFO | P05 | SQLite database = data\retail\business.sqlite
2026-09-21 09:18:21 | INFO | P05 | SQLite database connection created.
2026-09-21 09:18:21 | INFO | P05 | -------------------------------
2026-09-21 09:18:21 | INFO | P05 | 04. LOAD the tables into SQLite.
2026-09-21 09:18:21 | INFO | P05 | -------------------------------
2026-09-21 09:18:22 | INFO | P05 | Related tables loaded into SQLite.
2026-09-21 09:18:22 | INFO | P05 | -------------------------------
2026-09-21 09:18:22 | INFO | P05 | 05. QUERY across related tables with SQL.
2026-09-21 09:18:22 | INFO | P05 | -------------------------------
2026-09-21 09:18:22 | INFO | P05 | 
I want to compare the number of employees working at each store.
The result should have one row per store.

The information I need requires all three tables:
 - region name is in regions,
 - store name is in stores,
 - employee info is in employees.

2026-09-21 09:18:22 | INFO | P05 | 
SQL query:

SELECT
    r.region_name,
    s.store_name,
    COUNT(e.employee_id) AS employee_count
FROM regions AS r
JOIN stores AS s
    ON r.region_id = s.region_id
LEFT JOIN employees AS e
    ON s.store_id = e.store_id
GROUP BY
    r.region_name,
    s.store_name
ORDER BY
    employee_count ASC;

2026-09-21 09:18:22 | INFO | P05 | 
Query result:
   region_name        store_name  employee_count
0        South    Bayou Crossing               5
1         East     Pine Crossing               6
2         West    Desert Springs               7
3      Central      River Market               8
4        North       Cedar Plaza               9
5      Central  Lakeside Commons              10
6        South   Magnolia Market              10
7         East      Harbor Point              11
8        North         Northgate              12
9      Central    Prairie Center              13
10        West     Canyon Center              13
11       South   Sunrise Commons              14
12        East      Maple Square              15
13       South  Peachtree Center              17
14        West     Coastal Plaza              18
2026-09-21 09:18:22 | INFO | P05 | -------------------------------
2026-09-21 09:18:22 | INFO | P05 | 06. VISUALIZE the query result with Python.
2026-09-21 09:18:22 | INFO | P05 | -------------------------------
2026-09-21 09:18:22 | INFO | P05 | 
The query result has one numeric value
(employee count) for each store.

A bar chart works for comparing
a numeric value across named categories.
Every pandas df has a
plot.box() method for creating box plots.

2026-09-21 09:18:22 | INFO | P05 | Chart saved successfully at docs\images\first-chart.png.
2026-09-21 09:18:22 | INFO | P05 | -------------------------------
2026-09-21 09:18:22 | INFO | P05 | 07. SUMMARIZE what you found.
2026-09-21 09:18:22 | INFO | P05 | -------------------------------
2026-09-21 09:18:22 | INFO | P05 | CUSTOM OBSERVATIONS:
    The SQL query connected information from
    the regions, stores, and employees tables.

    The result has one row per store.

    I observed that changing the ORDER BY statement from DESC to ASC changed the order of the results from highest employee count first to lowest employee count first.

    Based on this result, I would next like to explore other ways to compare stores, regions, and employees.
    
2026-09-21 09:18:22 | INFO | P05 | -------------------------------
2026-09-21 09:18:22 | INFO | P05 | 08. DISPLAY the visualization.
2026-09-21 09:18:22 | INFO | P05 | -------------------------------
2026-09-21 09:18:22 | INFO | P05 | In a script, call plt.show() at the end to display all charts.
2026-09-21 09:18:22 | INFO | P05 | Close all chart windows (with the close button) to continue.
2026-09-21 09:18:24 | INFO | P05 | ===================================
2026-09-21 09:18:24 | INFO | P05 | END main() - Executed successfully!
2026-09-21 09:18:24 | INFO | P05 | ===================================
2026-09-21 09:19:04 | INFO | P05 | === RUN START ===
2026-09-21 09:19:04 | INFO | P05 | project=P05 - PYTHON AND SQL
2026-09-21 09:19:04 | INFO | P05 | repo_dir=datafun-05-sql
2026-09-21 09:19:04 | INFO | P05 | python=3.14.7
2026-09-21 09:19:04 | INFO | P05 | os=Windows 11
2026-09-21 09:19:04 | INFO | P05 | shell=powershell
2026-09-21 09:19:04 | INFO | P05 | cwd=.
2026-09-21 09:19:04 | INFO | P05 | github_actions=False
2026-09-21 09:19:04 | INFO | P05 | ===================================
2026-09-21 09:19:04 | INFO | P05 | START main()
2026-09-21 09:19:04 | INFO | P05 | ===================================
2026-09-21 09:19:04 | INFO | P05 | -------------------------------
2026-09-21 09:19:04 | INFO | P05 | 01. LOAD the related tables.
2026-09-21 09:19:04 | INFO | P05 | -------------------------------
2026-09-21 09:19:04 | INFO | P05 | regions file = data\retail\region.csv
2026-09-21 09:19:04 | INFO | P05 | stores file = data\retail\store.csv
2026-09-21 09:19:04 | INFO | P05 | employees file = data\retail\employee.csv
2026-09-21 09:19:04 | INFO | P05 | Related tables loaded successfully.
2026-09-21 09:19:04 | INFO | P05 | -------------------------------
2026-09-21 09:19:04 | INFO | P05 | 02. INSPECT the grain and keys.
2026-09-21 09:19:04 | INFO | P05 | -------------------------------
2026-09-21 09:19:04 | INFO | P05 | Regions grain: one business region
2026-09-21 09:19:04 | INFO | P05 | Stores grain: one store
2026-09-21 09:19:04 | INFO | P05 | Employees grain: one employee
2026-09-21 09:19:04 | INFO | P05 | Regions columns: ['region_id', 'region_name']
2026-09-21 09:19:04 | INFO | P05 | Stores columns: ['store_id', 'store_name', 'region_id', 'store_type', 'square_feet']
2026-09-21 09:19:04 | INFO | P05 | Employees columns: ['employee_id', 'employee_name', 'store_id', 'role', 'years_employed']
2026-09-21 09:19:04 | INFO | P05 | 
The data is stored in three related tables.

One region can have many stores.
The stores table uses region_id to identify each store's region.

One store can have many employees.
The employees table uses store_id to identify each employee's store.

The shared keys connect information stored in different tables.

2026-09-21 09:19:04 | INFO | P05 | -------------------------------
2026-09-21 09:19:04 | INFO | P05 | 03. CREATE a SQLite database.
2026-09-21 09:19:04 | INFO | P05 | -------------------------------
2026-09-21 09:19:04 | INFO | P05 | SQLite database = data\retail\business.sqlite
2026-09-21 09:19:04 | INFO | P05 | SQLite database connection created.
2026-09-21 09:19:04 | INFO | P05 | -------------------------------
2026-09-21 09:19:04 | INFO | P05 | 04. LOAD the tables into SQLite.
2026-09-21 09:19:04 | INFO | P05 | -------------------------------
2026-09-21 09:19:04 | INFO | P05 | Related tables loaded into SQLite.
2026-09-21 09:19:04 | INFO | P05 | -------------------------------
2026-09-21 09:19:04 | INFO | P05 | 05. QUERY across related tables with SQL.
2026-09-21 09:19:04 | INFO | P05 | -------------------------------
2026-09-21 09:19:04 | INFO | P05 | 
I want to compare the number of employees working at each store.
The result should have one row per store.

The information I need requires all three tables:
 - region name is in regions,
 - store name is in stores,
 - employee info is in employees.

2026-09-21 09:19:04 | INFO | P05 | 
SQL query:

SELECT
    r.region_name,
    s.store_name,
    COUNT(e.employee_id) AS employee_count
FROM regions AS r
JOIN stores AS s
    ON r.region_id = s.region_id
LEFT JOIN employees AS e
    ON s.store_id = e.store_id
GROUP BY
    r.region_name,
    s.store_name
ORDER BY
    employee_count ASC;

2026-09-21 09:19:04 | INFO | P05 | 
Query result:
   region_name        store_name  employee_count
0        South    Bayou Crossing               5
1         East     Pine Crossing               6
2         West    Desert Springs               7
3      Central      River Market               8
4        North       Cedar Plaza               9
5      Central  Lakeside Commons              10
6        South   Magnolia Market              10
7         East      Harbor Point              11
8        North         Northgate              12
9      Central    Prairie Center              13
10        West     Canyon Center              13
11       South   Sunrise Commons              14
12        East      Maple Square              15
13       South  Peachtree Center              17
14        West     Coastal Plaza              18
2026-09-21 09:19:04 | INFO | P05 | -------------------------------
2026-09-21 09:19:04 | INFO | P05 | 06. VISUALIZE the query result with Python.
2026-09-21 09:19:04 | INFO | P05 | -------------------------------
2026-09-21 09:19:04 | INFO | P05 | 
The query result has one numeric value
(employee count) for each store.

A bar chart works for comparing
a numeric value across named categories.
Every pandas df has a
plot.box() method for creating box plots.

2026-09-21 09:19:05 | INFO | P05 | Chart saved successfully at docs\images\first-chart.png.
2026-09-21 09:19:05 | INFO | P05 | -------------------------------
2026-09-21 09:19:05 | INFO | P05 | 07. SUMMARIZE what you found.
2026-09-21 09:19:05 | INFO | P05 | -------------------------------
2026-09-21 09:19:05 | INFO | P05 | CUSTOM OBSERVATIONS:
    The SQL query connected information from
    the regions, stores, and employees tables.

    The result has one row per store.

    I observed that changing the ORDER BY statement from DESC to ASC changed the order of the results from highest employee count first to lowest employee count first.

    Based on this result, I would next like to explore other ways to compare stores, regions, and employees.
    
2026-09-21 09:19:05 | INFO | P05 | -------------------------------
2026-09-21 09:19:05 | INFO | P05 | 08. DISPLAY the visualization.
2026-09-21 09:19:05 | INFO | P05 | -------------------------------
2026-09-21 09:19:05 | INFO | P05 | In a script, call plt.show() at the end to display all charts.
2026-09-21 09:19:05 | INFO | P05 | Close all chart windows (with the close button) to continue.
2026-09-21 09:19:05 | INFO | P05 | ===================================
2026-09-21 09:19:05 | INFO | P05 | END main() - Executed successfully!
2026-09-21 09:19:05 | INFO | P05 | ===================================
2026-09-21 09:49:06 | INFO | P05 | === RUN START ===
2026-09-21 09:49:06 | INFO | P05 | project=P05 - PYTHON AND SQL
2026-09-21 09:49:06 | INFO | P05 | repo_dir=datafun-05-sql
2026-09-21 09:49:06 | INFO | P05 | python=3.14.7
2026-09-21 09:49:06 | INFO | P05 | os=Windows 11
2026-09-21 09:49:06 | INFO | P05 | shell=powershell
2026-09-21 09:49:06 | INFO | P05 | cwd=.
2026-09-21 09:49:06 | INFO | P05 | github_actions=False
2026-09-21 09:49:06 | INFO | P05 | ===================================
2026-09-21 09:49:06 | INFO | P05 | START main()
2026-09-21 09:49:06 | INFO | P05 | ===================================
2026-09-21 09:49:06 | INFO | P05 | -------------------------------
2026-09-21 09:49:06 | INFO | P05 | 01. LOAD the related tables.
2026-09-21 09:49:06 | INFO | P05 | -------------------------------
2026-09-21 09:49:06 | INFO | P05 | regions file = data\retail\region.csv
2026-09-21 09:49:06 | INFO | P05 | stores file = data\retail\store.csv
2026-09-21 09:49:06 | INFO | P05 | employees file = data\retail\employee.csv
2026-09-21 09:49:06 | INFO | P05 | sales file = data\retail\sales.csv
2026-09-21 09:50:04 | INFO | P05 | === RUN START ===
2026-09-21 09:50:04 | INFO | P05 | project=P05 - PYTHON AND SQL
2026-09-21 09:50:04 | INFO | P05 | repo_dir=datafun-05-sql
2026-09-21 09:50:04 | INFO | P05 | python=3.14.7
2026-09-21 09:50:04 | INFO | P05 | os=Windows 11
2026-09-21 09:50:04 | INFO | P05 | shell=powershell
2026-09-21 09:50:04 | INFO | P05 | cwd=.
2026-09-21 09:50:04 | INFO | P05 | github_actions=False
2026-09-21 09:50:04 | INFO | P05 | ===================================
2026-09-21 09:50:04 | INFO | P05 | START main()
2026-09-21 09:50:04 | INFO | P05 | ===================================
2026-09-21 09:50:04 | INFO | P05 | -------------------------------
2026-09-21 09:50:04 | INFO | P05 | 01. LOAD the related tables.
2026-09-21 09:50:04 | INFO | P05 | -------------------------------
2026-09-21 09:50:04 | INFO | P05 | regions file = data\retail\region.csv
2026-09-21 09:50:04 | INFO | P05 | stores file = data\retail\store.csv
2026-09-21 09:50:04 | INFO | P05 | employees file = data\retail\employee.csv
2026-09-21 09:50:04 | INFO | P05 | sales file = data\retail\sale.csv
2026-09-21 09:50:04 | INFO | P05 | Related tables loaded successfully.
2026-09-21 09:50:04 | INFO | P05 | -------------------------------
2026-09-21 09:50:04 | INFO | P05 | 02. INSPECT the grain and keys.
2026-09-21 09:50:04 | INFO | P05 | -------------------------------
2026-09-21 09:50:04 | INFO | P05 | Regions grain: one business region
2026-09-21 09:50:04 | INFO | P05 | Stores grain: one store
2026-09-21 09:50:04 | INFO | P05 | Employees grain: one employee
2026-09-21 09:50:04 | INFO | P05 | Sales grain: one sale
2026-09-21 09:50:04 | INFO | P05 | Regions columns: ['region_id', 'region_name']
2026-09-21 09:50:04 | INFO | P05 | Stores columns: ['store_id', 'store_name', 'region_id', 'store_type', 'square_feet']
2026-09-21 09:50:04 | INFO | P05 | Employees columns: ['employee_id', 'employee_name', 'store_id', 'role', 'years_employed']
2026-09-21 09:50:04 | INFO | P05 | Sales columns: ['sale_id', 'store_id', 'product_group', 'items_sold', 'sale_amount', 'payment_type']
2026-09-21 09:50:04 | INFO | P05 | 
The data is stored in four related tables.

One region can have many stores.
The stores table uses region_id to identify each store's region.

One store can have many employees.
The employees table uses store_id to identify each employee's store.

One store can have many sales.
The sales table uses store_id to identify each sale's storec.

The shared keys connect information stored in different tables.

2026-09-21 09:50:04 | INFO | P05 | -------------------------------
2026-09-21 09:50:04 | INFO | P05 | 03. CREATE a SQLite database.
2026-09-21 09:50:04 | INFO | P05 | -------------------------------
2026-09-21 09:50:04 | INFO | P05 | SQLite database = data\retail\business.sqlite
2026-09-21 09:50:04 | INFO | P05 | SQLite database connection created.
2026-09-21 09:50:04 | INFO | P05 | -------------------------------
2026-09-21 09:50:04 | INFO | P05 | 04. LOAD the tables into SQLite.
2026-09-21 09:50:04 | INFO | P05 | -------------------------------
2026-09-21 09:50:04 | INFO | P05 | Related tables loaded into SQLite.
2026-09-21 09:50:04 | INFO | P05 | -------------------------------
2026-09-21 09:50:04 | INFO | P05 | 05. QUERY across related tables with SQL.
2026-09-21 09:50:04 | INFO | P05 | -------------------------------
2026-09-21 09:50:04 | INFO | P05 | 
I want to compare the number of employees working at each store.
The result should have one row per store.

The information I need requires all three tables:
 - region name is in regions,
 - store name is in stores,
 - employee info is in employees.

2026-09-21 09:50:04 | INFO | P05 | 
SQL query:

SELECT
    r.region_name,
    s.store_name,
    COUNT(e.employee_id) AS employee_count
FROM regions AS r
JOIN stores AS s
    ON r.region_id = s.region_id
LEFT JOIN employees AS e
    ON s.store_id = e.store_id
GROUP BY
    r.region_name,
    s.store_name
ORDER BY
    employee_count ASC;

2026-09-21 09:50:04 | INFO | P05 | 
Query result:
   region_name        store_name  employee_count
0        South    Bayou Crossing               5
1         East     Pine Crossing               6
2         West    Desert Springs               7
3      Central      River Market               8
4        North       Cedar Plaza               9
5      Central  Lakeside Commons              10
6        South   Magnolia Market              10
7         East      Harbor Point              11
8        North         Northgate              12
9      Central    Prairie Center              13
10        West     Canyon Center              13
11       South   Sunrise Commons              14
12        East      Maple Square              15
13       South  Peachtree Center              17
14        West     Coastal Plaza              18
2026-09-21 09:50:04 | INFO | P05 | -------------------------------
2026-09-21 09:50:04 | INFO | P05 | 06. VISUALIZE the query result with Python.
2026-09-21 09:50:04 | INFO | P05 | -------------------------------
2026-09-21 09:50:04 | INFO | P05 | 
The query result has one numeric value
(employee count) for each store.

A bar chart works for comparing
a numeric value across named categories.
Every pandas df has a
plot.box() method for creating box plots.

2026-09-21 09:50:05 | INFO | P05 | Chart saved successfully at docs\images\first-chart.png.
2026-09-21 09:50:05 | INFO | P05 | -------------------------------
2026-09-21 09:50:05 | INFO | P05 | 07. SUMMARIZE what you found.
2026-09-21 09:50:05 | INFO | P05 | -------------------------------
2026-09-21 09:50:05 | INFO | P05 | CUSTOM OBSERVATIONS:
    The SQL query connected information from
    the regions, stores, and employees tables.

    The result has one row per store.

    I observed that changing the ORDER BY statement from DESC to ASC changed the order of the results from highest employee count first to lowest employee count first.

    Based on this result, I would next like to explore other ways to compare stores, regions, and employees.
    
2026-09-21 09:50:05 | INFO | P05 | -------------------------------
2026-09-21 09:50:05 | INFO | P05 | 08. DISPLAY the visualization.
2026-09-21 09:50:05 | INFO | P05 | -------------------------------
2026-09-21 09:50:05 | INFO | P05 | In a script, call plt.show() at the end to display all charts.
2026-09-21 09:50:05 | INFO | P05 | Close all chart windows (with the close button) to continue.
2026-09-21 09:50:08 | INFO | P05 | ===================================
2026-09-21 09:50:08 | INFO | P05 | END main() - Executed successfully!
2026-09-21 09:50:08 | INFO | P05 | ===================================
2026-09-21 10:03:40 | INFO | P05 | === RUN START ===
2026-09-21 10:03:40 | INFO | P05 | project=P05 - PYTHON AND SQL
2026-09-21 10:03:40 | INFO | P05 | repo_dir=datafun-05-sql
2026-09-21 10:03:40 | INFO | P05 | python=3.14.7
2026-09-21 10:03:40 | INFO | P05 | os=Windows 11
2026-09-21 10:03:40 | INFO | P05 | shell=powershell
2026-09-21 10:03:40 | INFO | P05 | cwd=.
2026-09-21 10:03:40 | INFO | P05 | github_actions=False
2026-09-21 10:03:40 | INFO | P05 | ===================================
2026-09-21 10:03:40 | INFO | P05 | START main()
2026-09-21 10:03:40 | INFO | P05 | ===================================
2026-09-21 10:03:40 | INFO | P05 | -------------------------------
2026-09-21 10:03:40 | INFO | P05 | 01. LOAD the related tables.
2026-09-21 10:03:40 | INFO | P05 | -------------------------------
2026-09-21 10:03:40 | INFO | P05 | regions file = data\retail\region.csv
2026-09-21 10:03:40 | INFO | P05 | stores file = data\retail\store.csv
2026-09-21 10:03:40 | INFO | P05 | employees file = data\retail\employee.csv
2026-09-21 10:03:40 | INFO | P05 | sales file = data\retail\sale.csv
2026-09-21 10:03:40 | INFO | P05 | Related tables loaded successfully.
2026-09-21 10:03:40 | INFO | P05 | -------------------------------
2026-09-21 10:03:40 | INFO | P05 | 02. INSPECT the grain and keys.
2026-09-21 10:03:40 | INFO | P05 | -------------------------------
2026-09-21 10:03:40 | INFO | P05 | Regions grain: one business region
2026-09-21 10:03:40 | INFO | P05 | Stores grain: one store
2026-09-21 10:03:40 | INFO | P05 | Employees grain: one employee
2026-09-21 10:03:40 | INFO | P05 | Sales grain: one sale
2026-09-21 10:03:40 | INFO | P05 | Regions columns: ['region_id', 'region_name']
2026-09-21 10:03:40 | INFO | P05 | Stores columns: ['store_id', 'store_name', 'region_id', 'store_type', 'square_feet']
2026-09-21 10:03:40 | INFO | P05 | Employees columns: ['employee_id', 'employee_name', 'store_id', 'role', 'years_employed']
2026-09-21 10:03:40 | INFO | P05 | Sales columns: ['sale_id', 'store_id', 'product_group', 'items_sold', 'sale_amount', 'payment_type']
2026-09-21 10:03:40 | INFO | P05 | 
The data is stored in four related tables.

One region can have many stores.
The stores table uses region_id to identify each store's region.

One store can have many employees.
The employees table uses store_id to identify each employee's store.

One store can have many sales.
The sales table uses store_id to identify each sale's storec.

The shared keys connect information stored in different tables.

2026-09-21 10:03:40 | INFO | P05 | -------------------------------
2026-09-21 10:03:40 | INFO | P05 | 03. CREATE a SQLite database.
2026-09-21 10:03:40 | INFO | P05 | -------------------------------
2026-09-21 10:03:40 | INFO | P05 | SQLite database = data\retail\business.sqlite
2026-09-21 10:03:40 | INFO | P05 | SQLite database connection created.
2026-09-21 10:03:40 | INFO | P05 | -------------------------------
2026-09-21 10:03:40 | INFO | P05 | 04. LOAD the tables into SQLite.
2026-09-21 10:03:40 | INFO | P05 | -------------------------------
2026-09-21 10:03:40 | INFO | P05 | Related tables loaded into SQLite.
2026-09-21 10:03:40 | INFO | P05 | -------------------------------
2026-09-21 10:03:40 | INFO | P05 | 05. QUERY across related tables with SQL.
2026-09-21 10:03:40 | INFO | P05 | -------------------------------
2026-09-21 10:03:40 | INFO | P05 | 
I want to compare the number of employees working at each store.
The result should have one row per store.

The information I need requires all three tables:
 - region name is in regions,
 - store name is in stores,
 - employee info is in employees.

2026-09-21 10:03:40 | INFO | P05 | 
SQL query:

SELECT
    r.region_name,
    s.store_name,
    COUNT(e.employee_id) AS employee_count
FROM regions AS r
JOIN stores AS s
    ON r.region_id = s.region_id
LEFT JOIN employees AS e
    ON s.store_id = e.store_id
GROUP BY
    r.region_name,
    s.store_name
ORDER BY
    employee_count ASC;

2026-09-21 10:03:40 | INFO | P05 | 
Query result:
   region_name        store_name  employee_count
0        South    Bayou Crossing               5
1         East     Pine Crossing               6
2         West    Desert Springs               7
3      Central      River Market               8
4        North       Cedar Plaza               9
5      Central  Lakeside Commons              10
6        South   Magnolia Market              10
7         East      Harbor Point              11
8        North         Northgate              12
9      Central    Prairie Center              13
10        West     Canyon Center              13
11       South   Sunrise Commons              14
12        East      Maple Square              15
13       South  Peachtree Center              17
14        West     Coastal Plaza              18
2026-09-21 10:03:40 | INFO | P05 | -------------------------------
2026-09-21 10:03:40 | INFO | P05 | 06. VISUALIZE the query result with Python.
2026-09-21 10:03:40 | INFO | P05 | -------------------------------
2026-09-21 10:03:40 | INFO | P05 | 
The query result has one numeric value
(employee count) for each store.

A bar chart works for comparing
a numeric value across named categories.
Every pandas df has a
plot.box() method for creating box plots.

2026-09-21 10:03:41 | INFO | P05 | Chart saved successfully at docs\images\first-chart.png.
2026-09-21 10:03:41 | INFO | P05 | -------------------------------
2026-09-21 10:03:41 | INFO | P05 | 07. SUMMARIZE what you found.
2026-09-21 10:03:41 | INFO | P05 | -------------------------------
2026-09-21 10:03:41 | INFO | P05 | CUSTOM OBSERVATIONS:
    The SQL query connected information from
    the regions, stores, and employees tables.

    The result has one row per store.

    I observed that changing the ORDER BY statement from DESC to ASC changed the order of the results from highest employee count first to lowest employee count first.

    Based on this result, I would next like to explore other ways to compare stores, regions, and employees.
    
2026-09-21 10:03:41 | INFO | P05 | -------------------------------
2026-09-21 10:03:41 | INFO | P05 | 08. DISPLAY the visualization.
2026-09-21 10:03:41 | INFO | P05 | -------------------------------
2026-09-21 10:03:41 | INFO | P05 | In a script, call plt.show() at the end to display all charts.
2026-09-21 10:03:41 | INFO | P05 | Close all chart windows (with the close button) to continue.
2026-09-21 10:04:07 | INFO | P05 | ===================================
2026-09-21 10:04:07 | INFO | P05 | END main() - Executed successfully!
2026-09-21 10:04:07 | INFO | P05 | ===================================
2026-09-21 10:05:41 | INFO | P05 | === RUN START ===
2026-09-21 10:05:41 | INFO | P05 | project=P05 - PYTHON AND SQL
2026-09-21 10:05:41 | INFO | P05 | repo_dir=datafun-05-sql
2026-09-21 10:05:41 | INFO | P05 | python=3.14.7
2026-09-21 10:05:41 | INFO | P05 | os=Windows 11
2026-09-21 10:05:41 | INFO | P05 | shell=powershell
2026-09-21 10:05:41 | INFO | P05 | cwd=.
2026-09-21 10:05:41 | INFO | P05 | github_actions=False
2026-09-21 10:05:41 | INFO | P05 | ===================================
2026-09-21 10:05:41 | INFO | P05 | START main()
2026-09-21 10:05:41 | INFO | P05 | ===================================
2026-09-21 10:05:41 | INFO | P05 | -------------------------------
2026-09-21 10:05:41 | INFO | P05 | 01. LOAD the related tables.
2026-09-21 10:05:41 | INFO | P05 | -------------------------------
2026-09-21 10:05:41 | INFO | P05 | regions file = data\retail\region.csv
2026-09-21 10:05:41 | INFO | P05 | stores file = data\retail\store.csv
2026-09-21 10:05:41 | INFO | P05 | employees file = data\retail\employee.csv
2026-09-21 10:05:41 | INFO | P05 | sales file = data\retail\sale.csv
2026-09-21 10:05:41 | INFO | P05 | Related tables loaded successfully.
2026-09-21 10:05:41 | INFO | P05 | -------------------------------
2026-09-21 10:05:41 | INFO | P05 | 02. INSPECT the grain and keys.
2026-09-21 10:05:41 | INFO | P05 | -------------------------------
2026-09-21 10:05:41 | INFO | P05 | Regions grain: one business region
2026-09-21 10:05:41 | INFO | P05 | Stores grain: one store
2026-09-21 10:05:41 | INFO | P05 | Employees grain: one employee
2026-09-21 10:05:41 | INFO | P05 | Sales grain: one sale
2026-09-21 10:05:41 | INFO | P05 | Regions columns: ['region_id', 'region_name']
2026-09-21 10:05:41 | INFO | P05 | Stores columns: ['store_id', 'store_name', 'region_id', 'store_type', 'square_feet']
2026-09-21 10:05:41 | INFO | P05 | Employees columns: ['employee_id', 'employee_name', 'store_id', 'role', 'years_employed']
2026-09-21 10:05:41 | INFO | P05 | Sales columns: ['sale_id', 'store_id', 'product_group', 'items_sold', 'sale_amount', 'payment_type']
2026-09-21 10:05:41 | INFO | P05 | 
The data is stored in four related tables.

One region can have many stores.
The stores table uses region_id to identify each store's region.

One store can have many employees.
The employees table uses store_id to identify each employee's store.

One store can have many sales.
The sales table uses store_id to identify each sale's storec.

The shared keys connect information stored in different tables.

2026-09-21 10:05:41 | INFO | P05 | -------------------------------
2026-09-21 10:05:41 | INFO | P05 | 03. CREATE a SQLite database.
2026-09-21 10:05:41 | INFO | P05 | -------------------------------
2026-09-21 10:05:41 | INFO | P05 | SQLite database = data\retail\business.sqlite
2026-09-21 10:05:41 | INFO | P05 | SQLite database connection created.
2026-09-21 10:05:41 | INFO | P05 | -------------------------------
2026-09-21 10:05:41 | INFO | P05 | 04. LOAD the tables into SQLite.
2026-09-21 10:05:41 | INFO | P05 | -------------------------------
2026-09-21 10:05:41 | INFO | P05 | Related tables loaded into SQLite.
2026-09-21 10:05:41 | INFO | P05 | -------------------------------
2026-09-21 10:05:41 | INFO | P05 | 05. QUERY across related tables with SQL.
2026-09-21 10:05:41 | INFO | P05 | -------------------------------
2026-09-21 10:05:41 | INFO | P05 | 
I want to compare the number of employees working at each store.
The result should have one row per store.

The information I need requires all three tables:
 - region name is in regions,
 - store name is in stores,
 - employee info is in employees.

2026-09-21 10:05:41 | INFO | P05 | 
SQL query:

SELECT
    r.region_name,
    s.store_name,
    COUNT(e.employee_id) AS employee_count
FROM regions AS r
JOIN stores AS s
    ON r.region_id = s.region_id
LEFT JOIN employees AS e
    ON s.store_id = e.store_id
GROUP BY
    r.region_name,
    s.store_name
ORDER BY
    employee_count ASC;

2026-09-21 10:05:41 | INFO | P05 | 
Query result:
   region_name        store_name  employee_count
0        South    Bayou Crossing               5
1         East     Pine Crossing               6
2         West    Desert Springs               7
3      Central      River Market               8
4        North       Cedar Plaza               9
5      Central  Lakeside Commons              10
6        South   Magnolia Market              10
7         East      Harbor Point              11
8        North         Northgate              12
9      Central    Prairie Center              13
10        West     Canyon Center              13
11       South   Sunrise Commons              14
12        East      Maple Square              15
13       South  Peachtree Center              17
14        West     Coastal Plaza              18
2026-09-21 10:05:41 | INFO | P05 | 
Sales by store: 
      store_name  total_sales
    Harbor Point      2388.35
       Northgate      2284.10
    River Market      2243.46
   Coastal Plaza      2131.11
  Prairie Center      2074.11
 Magnolia Market      1998.44
   Canyon Center      1665.94
    Maple Square      1633.93
Peachtree Center      1584.73
  Desert Springs      1572.68
Lakeside Commons      1541.37
   Pine Crossing      1182.72
     Cedar Plaza      1163.52
 Sunrise Commons       977.72
  Bayou Crossing       786.96
2026-09-21 10:05:41 | INFO | P05 | -------------------------------
2026-09-21 10:05:41 | INFO | P05 | 06. VISUALIZE the query result with Python.
2026-09-21 10:05:41 | INFO | P05 | -------------------------------
2026-09-21 10:05:41 | INFO | P05 | 
The query result has one numeric value
(employee count) for each store.

A bar chart works for comparing
a numeric value across named categories.
Every pandas df has a
plot.box() method for creating box plots.

2026-09-21 10:05:42 | INFO | P05 | Chart saved successfully at docs\images\first-chart.png.
2026-09-21 10:05:42 | INFO | P05 | -------------------------------
2026-09-21 10:05:42 | INFO | P05 | 07. SUMMARIZE what you found.
2026-09-21 10:05:42 | INFO | P05 | -------------------------------
2026-09-21 10:05:42 | INFO | P05 | CUSTOM OBSERVATIONS:
    The SQL query connected information from
    the regions, stores, and employees tables.

    The result has one row per store.

    I observed that changing the ORDER BY statement from DESC to ASC changed the order of the results from highest employee count first to lowest employee count first.

    Based on this result, I would next like to explore other ways to compare stores, regions, and employees.
    
2026-09-21 10:05:42 | INFO | P05 | -------------------------------
2026-09-21 10:05:42 | INFO | P05 | 08. DISPLAY the visualization.
2026-09-21 10:05:42 | INFO | P05 | -------------------------------
2026-09-21 10:05:42 | INFO | P05 | In a script, call plt.show() at the end to display all charts.
2026-09-21 10:05:42 | INFO | P05 | Close all chart windows (with the close button) to continue.
2026-09-21 10:06:44 | INFO | P05 | ===================================
2026-09-21 10:06:44 | INFO | P05 | END main() - Executed successfully!
2026-09-21 10:06:44 | INFO | P05 | ===================================
2026-09-21 10:12:01 | INFO | P05 | === RUN START ===
2026-09-21 10:12:01 | INFO | P05 | project=P05 - PYTHON AND SQL
2026-09-21 10:12:01 | INFO | P05 | repo_dir=datafun-05-sql
2026-09-21 10:12:01 | INFO | P05 | python=3.14.7
2026-09-21 10:12:01 | INFO | P05 | os=Windows 11
2026-09-21 10:12:01 | INFO | P05 | shell=powershell
2026-09-21 10:12:01 | INFO | P05 | cwd=.
2026-09-21 10:12:01 | INFO | P05 | github_actions=False
2026-09-21 10:12:01 | INFO | P05 | ===================================
2026-09-21 10:12:01 | INFO | P05 | START main()
2026-09-21 10:12:01 | INFO | P05 | ===================================
2026-09-21 10:12:01 | INFO | P05 | -------------------------------
2026-09-21 10:12:01 | INFO | P05 | 01. LOAD the related tables.
2026-09-21 10:12:01 | INFO | P05 | -------------------------------
2026-09-21 10:12:01 | INFO | P05 | regions file = data\retail\region.csv
2026-09-21 10:12:01 | INFO | P05 | stores file = data\retail\store.csv
2026-09-21 10:12:01 | INFO | P05 | employees file = data\retail\employee.csv
2026-09-21 10:12:01 | INFO | P05 | sales file = data\retail\sale.csv
2026-09-21 10:12:01 | INFO | P05 | Related tables loaded successfully.
2026-09-21 10:12:01 | INFO | P05 | -------------------------------
2026-09-21 10:12:01 | INFO | P05 | 02. INSPECT the grain and keys.
2026-09-21 10:12:01 | INFO | P05 | -------------------------------
2026-09-21 10:12:01 | INFO | P05 | Regions grain: one business region
2026-09-21 10:12:01 | INFO | P05 | Stores grain: one store
2026-09-21 10:12:01 | INFO | P05 | Employees grain: one employee
2026-09-21 10:12:01 | INFO | P05 | Sales grain: one sale
2026-09-21 10:12:01 | INFO | P05 | Regions columns: ['region_id', 'region_name']
2026-09-21 10:12:01 | INFO | P05 | Stores columns: ['store_id', 'store_name', 'region_id', 'store_type', 'square_feet']
2026-09-21 10:12:01 | INFO | P05 | Employees columns: ['employee_id', 'employee_name', 'store_id', 'role', 'years_employed']
2026-09-21 10:12:01 | INFO | P05 | Sales columns: ['sale_id', 'store_id', 'product_group', 'items_sold', 'sale_amount', 'payment_type']
2026-09-21 10:12:01 | INFO | P05 | 
The data is stored in four related tables.

One region can have many stores.
The stores table uses region_id to identify each store's region.

One store can have many employees.
The employees table uses store_id to identify each employee's store.

One store can have many sales.
The sales table uses store_id to identify each sale's storec.

The shared keys connect information stored in different tables.

2026-09-21 10:12:01 | INFO | P05 | -------------------------------
2026-09-21 10:12:01 | INFO | P05 | 03. CREATE a SQLite database.
2026-09-21 10:12:01 | INFO | P05 | -------------------------------
2026-09-21 10:12:01 | INFO | P05 | SQLite database = data\retail\business.sqlite
2026-09-21 10:12:01 | INFO | P05 | SQLite database connection created.
2026-09-21 10:12:01 | INFO | P05 | -------------------------------
2026-09-21 10:12:01 | INFO | P05 | 04. LOAD the tables into SQLite.
2026-09-21 10:12:01 | INFO | P05 | -------------------------------
2026-09-21 10:12:01 | INFO | P05 | Related tables loaded into SQLite.
2026-09-21 10:12:01 | INFO | P05 | -------------------------------
2026-09-21 10:12:01 | INFO | P05 | 05. QUERY across related tables with SQL.
2026-09-21 10:12:01 | INFO | P05 | -------------------------------
2026-09-21 10:12:01 | INFO | P05 | 
I want to compare the number of employees working at each store.
The result should have one row per store.

The information I need requires all three tables:
 - region name is in regions,
 - store name is in stores,
 - employee info is in employees.

2026-09-21 10:12:01 | INFO | P05 | 
SQL query:

SELECT
    r.region_name,
    s.store_name,
    COUNT(e.employee_id) AS employee_count
FROM regions AS r
JOIN stores AS s
    ON r.region_id = s.region_id
LEFT JOIN employees AS e
    ON s.store_id = e.store_id
GROUP BY
    r.region_name,
    s.store_name
ORDER BY
    employee_count ASC;

2026-09-21 10:12:01 | INFO | P05 | 
Query result:
   region_name        store_name  employee_count
0        South    Bayou Crossing               5
1         East     Pine Crossing               6
2         West    Desert Springs               7
3      Central      River Market               8
4        North       Cedar Plaza               9
5      Central  Lakeside Commons              10
6        South   Magnolia Market              10
7         East      Harbor Point              11
8        North         Northgate              12
9      Central    Prairie Center              13
10        West     Canyon Center              13
11       South   Sunrise Commons              14
12        East      Maple Square              15
13       South  Peachtree Center              17
14        West     Coastal Plaza              18
2026-09-21 10:12:01 | INFO | P05 | 
Sales by store: 
region_name       store_name  total_sales
       East     Harbor Point      2388.35
      North        Northgate      2284.10
    Central     River Market      2243.46
       West    Coastal Plaza      2131.11
    Central   Prairie Center      2074.11
      South  Magnolia Market      1998.44
       West    Canyon Center      1665.94
       East     Maple Square      1633.93
      South Peachtree Center      1584.73
       West   Desert Springs      1572.68
    Central Lakeside Commons      1541.37
       East    Pine Crossing      1182.72
      North      Cedar Plaza      1163.52
      South  Sunrise Commons       977.72
      South   Bayou Crossing       786.96
2026-09-21 10:12:01 | INFO | P05 | -------------------------------
2026-09-21 10:12:01 | INFO | P05 | 06. VISUALIZE the query result with Python.
2026-09-21 10:12:01 | INFO | P05 | -------------------------------
2026-09-21 10:12:01 | INFO | P05 | 
The query result has one numeric value
(employee count) for each store.

A bar chart works for comparing
a numeric value across named categories.
Every pandas df has a
plot.box() method for creating box plots.

2026-09-21 10:12:01 | INFO | P05 | Chart saved successfully at docs\images\first-chart.png.
2026-09-21 10:12:01 | INFO | P05 | -------------------------------
2026-09-21 10:12:01 | INFO | P05 | 07. SUMMARIZE what you found.
2026-09-21 10:12:01 | INFO | P05 | -------------------------------
2026-09-21 10:12:01 | INFO | P05 | CUSTOM OBSERVATIONS:
    The SQL query connected information from
    the regions, stores, and employees tables.

    The result has one row per store.

    I observed that changing the ORDER BY statement from DESC to ASC changed the order of the results from highest employee count first to lowest employee count first.

    Based on this result, I would next like to explore other ways to compare stores, regions, and employees.
    
2026-09-21 10:12:01 | INFO | P05 | -------------------------------
2026-09-21 10:12:01 | INFO | P05 | 08. DISPLAY the visualization.
2026-09-21 10:12:01 | INFO | P05 | -------------------------------
2026-09-21 10:12:01 | INFO | P05 | In a script, call plt.show() at the end to display all charts.
2026-09-21 10:12:01 | INFO | P05 | Close all chart windows (with the close button) to continue.
2026-09-21 10:12:18 | INFO | P05 | ===================================
2026-09-21 10:12:18 | INFO | P05 | END main() - Executed successfully!
2026-09-21 10:12:18 | INFO | P05 | ===================================
2026-09-21 10:18:54 | INFO | P05 | === RUN START ===
2026-09-21 10:18:54 | INFO | P05 | project=P05 - PYTHON AND SQL
2026-09-21 10:18:54 | INFO | P05 | repo_dir=datafun-05-sql
2026-09-21 10:18:54 | INFO | P05 | python=3.14.7
2026-09-21 10:18:54 | INFO | P05 | os=Windows 11
2026-09-21 10:18:54 | INFO | P05 | shell=powershell
2026-09-21 10:18:54 | INFO | P05 | cwd=.
2026-09-21 10:18:54 | INFO | P05 | github_actions=False
2026-09-21 10:18:54 | INFO | P05 | ===================================
2026-09-21 10:18:54 | INFO | P05 | START main()
2026-09-21 10:18:54 | INFO | P05 | ===================================
2026-09-21 10:18:54 | INFO | P05 | -------------------------------
2026-09-21 10:18:54 | INFO | P05 | 01. LOAD the related tables.
2026-09-21 10:18:54 | INFO | P05 | -------------------------------
2026-09-21 10:18:54 | INFO | P05 | regions file = data\retail\region.csv
2026-09-21 10:18:54 | INFO | P05 | stores file = data\retail\store.csv
2026-09-21 10:18:54 | INFO | P05 | employees file = data\retail\employee.csv
2026-09-21 10:18:54 | INFO | P05 | sales file = data\retail\sale.csv
2026-09-21 10:18:54 | INFO | P05 | Related tables loaded successfully.
2026-09-21 10:18:54 | INFO | P05 | -------------------------------
2026-09-21 10:18:54 | INFO | P05 | 02. INSPECT the grain and keys.
2026-09-21 10:18:54 | INFO | P05 | -------------------------------
2026-09-21 10:18:54 | INFO | P05 | Regions grain: one business region
2026-09-21 10:18:54 | INFO | P05 | Stores grain: one store
2026-09-21 10:18:54 | INFO | P05 | Employees grain: one employee
2026-09-21 10:18:54 | INFO | P05 | Sales grain: one sale
2026-09-21 10:18:54 | INFO | P05 | Regions columns: ['region_id', 'region_name']
2026-09-21 10:18:54 | INFO | P05 | Stores columns: ['store_id', 'store_name', 'region_id', 'store_type', 'square_feet']
2026-09-21 10:18:54 | INFO | P05 | Employees columns: ['employee_id', 'employee_name', 'store_id', 'role', 'years_employed']
2026-09-21 10:18:54 | INFO | P05 | Sales columns: ['sale_id', 'store_id', 'product_group', 'items_sold', 'sale_amount', 'payment_type']
2026-09-21 10:18:54 | INFO | P05 | 
The data is stored in four related tables.

One region can have many stores.
The stores table uses region_id to identify each store's region.

One store can have many employees.
The employees table uses store_id to identify each employee's store.

One store can have many sales.
The sales table uses store_id to identify each sale's storec.

The shared keys connect information stored in different tables.

2026-09-21 10:18:54 | INFO | P05 | -------------------------------
2026-09-21 10:18:54 | INFO | P05 | 03. CREATE a SQLite database.
2026-09-21 10:18:54 | INFO | P05 | -------------------------------
2026-09-21 10:18:54 | INFO | P05 | SQLite database = data\retail\business.sqlite
2026-09-21 10:18:54 | INFO | P05 | SQLite database connection created.
2026-09-21 10:18:54 | INFO | P05 | -------------------------------
2026-09-21 10:18:54 | INFO | P05 | 04. LOAD the tables into SQLite.
2026-09-21 10:18:54 | INFO | P05 | -------------------------------
2026-09-21 10:18:54 | INFO | P05 | Related tables loaded into SQLite.
2026-09-21 10:18:54 | INFO | P05 | -------------------------------
2026-09-21 10:18:54 | INFO | P05 | 05. QUERY across related tables with SQL.
2026-09-21 10:18:54 | INFO | P05 | -------------------------------
2026-09-21 10:18:54 | INFO | P05 | 
I want to compare the number of employees working at each store.
The result should have one row per store.

The information I need requires all three tables:
 - region name is in regions,
 - store name is in stores,
 - employee info is in employees.

2026-09-21 10:18:54 | INFO | P05 | 
SQL query:

SELECT
    r.region_name,
    s.store_name,
    COUNT(e.employee_id) AS employee_count
FROM regions AS r
JOIN stores AS s
    ON r.region_id = s.region_id
LEFT JOIN employees AS e
    ON s.store_id = e.store_id
GROUP BY
    r.region_name,
    s.store_name
ORDER BY
    employee_count ASC;

2026-09-21 10:23:50 | INFO | P05 | === RUN START ===
2026-09-21 10:23:50 | INFO | P05 | project=P05 - PYTHON AND SQL
2026-09-21 10:23:50 | INFO | P05 | repo_dir=datafun-05-sql
2026-09-21 10:23:50 | INFO | P05 | python=3.14.7
2026-09-21 10:23:50 | INFO | P05 | os=Windows 11
2026-09-21 10:23:50 | INFO | P05 | shell=powershell
2026-09-21 10:23:50 | INFO | P05 | cwd=.
2026-09-21 10:23:50 | INFO | P05 | github_actions=False
2026-09-21 10:23:50 | INFO | P05 | ===================================
2026-09-21 10:23:50 | INFO | P05 | START main()
2026-09-21 10:23:50 | INFO | P05 | ===================================
2026-09-21 10:23:50 | INFO | P05 | -------------------------------
2026-09-21 10:23:50 | INFO | P05 | 01. LOAD the related tables.
2026-09-21 10:23:50 | INFO | P05 | -------------------------------
2026-09-21 10:23:50 | INFO | P05 | regions file = data\retail\region.csv
2026-09-21 10:23:50 | INFO | P05 | stores file = data\retail\store.csv
2026-09-21 10:23:50 | INFO | P05 | employees file = data\retail\employee.csv
2026-09-21 10:23:50 | INFO | P05 | sales file = data\retail\sale.csv
2026-09-21 10:23:50 | INFO | P05 | Related tables loaded successfully.
2026-09-21 10:23:50 | INFO | P05 | -------------------------------
2026-09-21 10:23:50 | INFO | P05 | 02. INSPECT the grain and keys.
2026-09-21 10:23:50 | INFO | P05 | -------------------------------
2026-09-21 10:23:50 | INFO | P05 | Regions grain: one business region
2026-09-21 10:23:50 | INFO | P05 | Stores grain: one store
2026-09-21 10:23:50 | INFO | P05 | Employees grain: one employee
2026-09-21 10:23:50 | INFO | P05 | Sales grain: one sale
2026-09-21 10:23:50 | INFO | P05 | Regions columns: ['region_id', 'region_name']
2026-09-21 10:23:50 | INFO | P05 | Stores columns: ['store_id', 'store_name', 'region_id', 'store_type', 'square_feet']
2026-09-21 10:23:50 | INFO | P05 | Employees columns: ['employee_id', 'employee_name', 'store_id', 'role', 'years_employed']
2026-09-21 10:23:50 | INFO | P05 | Sales columns: ['sale_id', 'store_id', 'product_group', 'items_sold', 'sale_amount', 'payment_type']
2026-09-21 10:23:50 | INFO | P05 | 
The data is stored in four related tables.

One region can have many stores.
The stores table uses region_id to identify each store's region.

One store can have many employees.
The employees table uses store_id to identify each employee's store.

One store can have many sales.
The sales table uses store_id to identify each sale's store.

The shared keys connect information stored in different tables.

2026-09-21 10:23:50 | INFO | P05 | -------------------------------
2026-09-21 10:23:50 | INFO | P05 | 03. CREATE a SQLite database.
2026-09-21 10:23:50 | INFO | P05 | -------------------------------
2026-09-21 10:23:50 | INFO | P05 | SQLite database = data\retail\business.sqlite
2026-09-21 10:23:50 | INFO | P05 | SQLite database connection created.
2026-09-21 10:23:50 | INFO | P05 | -------------------------------
2026-09-21 10:23:50 | INFO | P05 | 04. LOAD the tables into SQLite.
2026-09-21 10:23:50 | INFO | P05 | -------------------------------
2026-09-21 10:23:50 | INFO | P05 | Related tables loaded into SQLite.
2026-09-21 10:23:50 | INFO | P05 | -------------------------------
2026-09-21 10:23:50 | INFO | P05 | 05. QUERY across related tables with SQL.
2026-09-21 10:23:50 | INFO | P05 | -------------------------------
2026-09-21 10:23:50 | INFO | P05 | 
I want to compare the number of employees working at each store.
The result should have one row per store.

The information I need requires all three tables:
 - region name is in regions,
 - store name is in stores,
 - employee info is in employees.

2026-09-21 10:23:50 | INFO | P05 | 
SQL query:

SELECT
    r.region_name,
    s.store_name,
    COUNT(e.employee_id) AS employee_count
FROM regions AS r
JOIN stores AS s
    ON r.region_id = s.region_id
LEFT JOIN employees AS e
    ON s.store_id = e.store_id
GROUP BY
    r.region_name,
    s.store_name
ORDER BY
    employee_count ASC;

2026-09-21 10:25:32 | INFO | P05 | === RUN START ===
2026-09-21 10:25:32 | INFO | P05 | project=P05 - PYTHON AND SQL
2026-09-21 10:25:32 | INFO | P05 | repo_dir=datafun-05-sql
2026-09-21 10:25:32 | INFO | P05 | python=3.14.7
2026-09-21 10:25:32 | INFO | P05 | os=Windows 11
2026-09-21 10:25:32 | INFO | P05 | shell=powershell
2026-09-21 10:25:32 | INFO | P05 | cwd=.
2026-09-21 10:25:32 | INFO | P05 | github_actions=False
2026-09-21 10:25:32 | INFO | P05 | ===================================
2026-09-21 10:25:32 | INFO | P05 | START main()
2026-09-21 10:25:32 | INFO | P05 | ===================================
2026-09-21 10:25:32 | INFO | P05 | -------------------------------
2026-09-21 10:25:32 | INFO | P05 | 01. LOAD the related tables.
2026-09-21 10:25:32 | INFO | P05 | -------------------------------
2026-09-21 10:25:32 | INFO | P05 | regions file = data\retail\region.csv
2026-09-21 10:25:32 | INFO | P05 | stores file = data\retail\store.csv
2026-09-21 10:25:32 | INFO | P05 | employees file = data\retail\employee.csv
2026-09-21 10:25:32 | INFO | P05 | sales file = data\retail\sale.csv
2026-09-21 10:25:32 | INFO | P05 | Related tables loaded successfully.
2026-09-21 10:25:32 | INFO | P05 | -------------------------------
2026-09-21 10:25:32 | INFO | P05 | 02. INSPECT the grain and keys.
2026-09-21 10:25:32 | INFO | P05 | -------------------------------
2026-09-21 10:25:32 | INFO | P05 | Regions grain: one business region
2026-09-21 10:25:32 | INFO | P05 | Stores grain: one store
2026-09-21 10:25:32 | INFO | P05 | Employees grain: one employee
2026-09-21 10:25:32 | INFO | P05 | Sales grain: one sale
2026-09-21 10:25:32 | INFO | P05 | Regions columns: ['region_id', 'region_name']
2026-09-21 10:25:32 | INFO | P05 | Stores columns: ['store_id', 'store_name', 'region_id', 'store_type', 'square_feet']
2026-09-21 10:25:32 | INFO | P05 | Employees columns: ['employee_id', 'employee_name', 'store_id', 'role', 'years_employed']
2026-09-21 10:25:32 | INFO | P05 | Sales columns: ['sale_id', 'store_id', 'product_group', 'items_sold', 'sale_amount', 'payment_type']
2026-09-21 10:25:32 | INFO | P05 | 
The data is stored in four related tables.

One region can have many stores.
The stores table uses region_id to identify each store's region.

One store can have many employees.
The employees table uses store_id to identify each employee's store.

One store can have many sales.
The sales table uses store_id to identify each sale's store.

The shared keys connect information stored in different tables.

2026-09-21 10:25:32 | INFO | P05 | -------------------------------
2026-09-21 10:25:32 | INFO | P05 | 03. CREATE a SQLite database.
2026-09-21 10:25:32 | INFO | P05 | -------------------------------
2026-09-21 10:25:32 | INFO | P05 | SQLite database = data\retail\business.sqlite
2026-09-21 10:25:32 | INFO | P05 | SQLite database connection created.
2026-09-21 10:25:32 | INFO | P05 | -------------------------------
2026-09-21 10:25:32 | INFO | P05 | 04. LOAD the tables into SQLite.
2026-09-21 10:25:32 | INFO | P05 | -------------------------------
2026-09-21 10:25:32 | INFO | P05 | Related tables loaded into SQLite.
2026-09-21 10:25:32 | INFO | P05 | -------------------------------
2026-09-21 10:25:32 | INFO | P05 | 05. QUERY across related tables with SQL.
2026-09-21 10:25:32 | INFO | P05 | -------------------------------
2026-09-21 10:25:32 | INFO | P05 | 
I want to compare the number of employees working at each store.
The result should have one row per store.

The information I need requires all three tables:
 - region name is in regions,
 - store name is in stores,
 - employee info is in employees.

2026-09-21 10:25:32 | INFO | P05 | 
SQL query:

SELECT
    r.region_name,
    s.store_name,
    COUNT(e.employee_id) AS employee_count
FROM regions AS r
JOIN stores AS s
    ON r.region_id = s.region_id
LEFT JOIN employees AS e
    ON s.store_id = e.store_id
GROUP BY
    r.region_name,
    s.store_name
ORDER BY
    employee_count ASC;

2026-09-21 10:25:32 | INFO | P05 | 
Query result:
   region_name        store_name  employee_count
0        South    Bayou Crossing               5
1         East     Pine Crossing               6
2         West    Desert Springs               7
3      Central      River Market               8
4        North       Cedar Plaza               9
5      Central  Lakeside Commons              10
6        South   Magnolia Market              10
7         East      Harbor Point              11
8        North         Northgate              12
9      Central    Prairie Center              13
10        West     Canyon Center              13
11       South   Sunrise Commons              14
12        East      Maple Square              15
13       South  Peachtree Center              17
14        West     Coastal Plaza              18
2026-09-21 10:25:32 | INFO | P05 | 
Sales by store: 
region_name       store_name  total_sales
       East     Harbor Point      2388.35
      North        Northgate      2284.10
    Central     River Market      2243.46
       West    Coastal Plaza      2131.11
    Central   Prairie Center      2074.11
      South  Magnolia Market      1998.44
       West    Canyon Center      1665.94
       East     Maple Square      1633.93
      South Peachtree Center      1584.73
       West   Desert Springs      1572.68
    Central Lakeside Commons      1541.37
       East    Pine Crossing      1182.72
      North      Cedar Plaza      1163.52
      South  Sunrise Commons       977.72
      South   Bayou Crossing       786.96
2026-09-21 10:25:32 | INFO | P05 | 
Sales by region:
region_name  total_sales
    Central      5858.94
       West      5369.73
      South      5347.85
       East      5205.00
      North      3447.62
2026-09-21 10:25:32 | INFO | P05 | -------------------------------
2026-09-21 10:25:32 | INFO | P05 | 06. VISUALIZE the query result with Python.
2026-09-21 10:25:32 | INFO | P05 | -------------------------------
2026-09-21 10:25:32 | INFO | P05 | 
The query result has one numeric value
(employee count) for each store.

A bar chart works for comparing
a numeric value across named categories.
Every pandas df has a
plot.box() method for creating box plots.

2026-09-21 10:25:33 | INFO | P05 | Chart saved successfully at docs\images\first-chart.png.
2026-09-21 10:25:33 | INFO | P05 | -------------------------------
2026-09-21 10:25:33 | INFO | P05 | 07. SUMMARIZE what you found.
2026-09-21 10:25:33 | INFO | P05 | -------------------------------
2026-09-21 10:25:33 | INFO | P05 | CUSTOM OBSERVATIONS:
    The SQL query connected information from
    the regions, stores, and employees tables.

    The result has one row per store.

    I observed that changing the ORDER BY statement from DESC to ASC changed the order of the results from highest employee count first to lowest employee count first.

    Based on this result, I would next like to explore other ways to compare stores, regions, and employees.
    
2026-09-21 10:25:33 | INFO | P05 | -------------------------------
2026-09-21 10:25:33 | INFO | P05 | 08. DISPLAY the visualization.
2026-09-21 10:25:33 | INFO | P05 | -------------------------------
2026-09-21 10:25:33 | INFO | P05 | In a script, call plt.show() at the end to display all charts.
2026-09-21 10:25:33 | INFO | P05 | Close all chart windows (with the close button) to continue.
2026-09-21 10:25:35 | INFO | P05 | ===================================
2026-09-21 10:25:35 | INFO | P05 | END main() - Executed successfully!
2026-09-21 10:25:35 | INFO | P05 | ===================================
2026-09-21 15:48:48 | INFO | P05 | === RUN START ===
2026-09-21 15:48:48 | INFO | P05 | project=P05 - PYTHON AND SQL
2026-09-21 15:48:48 | INFO | P05 | repo_dir=datafun-05-sql
2026-09-21 15:48:48 | INFO | P05 | python=3.14.7
2026-09-21 15:48:48 | INFO | P05 | os=Windows 11
2026-09-21 15:48:48 | INFO | P05 | shell=powershell
2026-09-21 15:48:48 | INFO | P05 | cwd=.
2026-09-21 15:48:48 | INFO | P05 | github_actions=False
2026-09-21 15:48:48 | INFO | P05 | ===================================
2026-09-21 15:48:48 | INFO | P05 | START main()
2026-09-21 15:48:48 | INFO | P05 | ===================================
2026-09-21 15:48:48 | INFO | P05 | -------------------------------
2026-09-21 15:48:48 | INFO | P05 | 01. LOAD the related tables.
2026-09-21 15:48:48 | INFO | P05 | -------------------------------
2026-09-21 15:48:48 | INFO | P05 | regions file = data\retail\region.csv
2026-09-21 15:48:48 | INFO | P05 | stores file = data\retail\store.csv
2026-09-21 15:48:48 | INFO | P05 | employees file = data\retail\employee.csv
2026-09-21 15:48:48 | INFO | P05 | sales file = data\retail\sale.csv
2026-09-21 15:48:48 | INFO | P05 | Related tables loaded successfully.
2026-09-21 15:48:48 | INFO | P05 | -------------------------------
2026-09-21 15:48:48 | INFO | P05 | 02. INSPECT the grain and keys.
2026-09-21 15:48:48 | INFO | P05 | -------------------------------
2026-09-21 15:48:48 | INFO | P05 | Regions grain: one business region
2026-09-21 15:48:48 | INFO | P05 | Stores grain: one store
2026-09-21 15:48:48 | INFO | P05 | Employees grain: one employee
2026-09-21 15:48:48 | INFO | P05 | Sales grain: one sale
2026-09-21 15:48:48 | INFO | P05 | Regions columns: ['region_id', 'region_name']
2026-09-21 15:48:48 | INFO | P05 | Stores columns: ['store_id', 'store_name', 'region_id', 'store_type', 'square_feet']
2026-09-21 15:48:48 | INFO | P05 | Employees columns: ['employee_id', 'employee_name', 'store_id', 'role', 'years_employed']
2026-09-21 15:48:48 | INFO | P05 | Sales columns: ['sale_id', 'store_id', 'product_group', 'items_sold', 'sale_amount', 'payment_type']
2026-09-21 15:48:48 | INFO | P05 | 
The data is stored in four related tables.

One region can have many stores.
The stores table uses region_id to identify each store's region.

One store can have many employees.
The employees table uses store_id to identify each employee's store.

One store can have many sales.
The sales table uses store_id to identify each sale's store.

The shared keys connect information stored in different tables.

2026-09-21 15:48:48 | INFO | P05 | -------------------------------
2026-09-21 15:48:48 | INFO | P05 | 03. CREATE a SQLite database.
2026-09-21 15:48:48 | INFO | P05 | -------------------------------
2026-09-21 15:48:48 | INFO | P05 | SQLite database = data\retail\business.sqlite
2026-09-21 15:48:48 | INFO | P05 | SQLite database connection created.
2026-09-21 15:48:48 | INFO | P05 | -------------------------------
2026-09-21 15:48:48 | INFO | P05 | 04. LOAD the tables into SQLite.
2026-09-21 15:48:48 | INFO | P05 | -------------------------------
2026-09-21 15:48:48 | INFO | P05 | Related tables loaded into SQLite.
2026-09-21 15:48:48 | INFO | P05 | -------------------------------
2026-09-21 15:48:48 | INFO | P05 | 05. QUERY across related tables with SQL.
2026-09-21 15:48:48 | INFO | P05 | -------------------------------
2026-09-21 15:48:48 | INFO | P05 | 
I want to compare the number of employees working at each store.
The result should have one row per store.

The information I need requires all three tables:
 - region name is in regions,
 - store name is in stores,
 - employee info is in employees.

2026-09-21 15:48:48 | INFO | P05 | 
SQL query:

SELECT
    r.region_name,
    s.store_name,
    COUNT(e.employee_id) AS employee_count
FROM regions AS r
JOIN stores AS s
    ON r.region_id = s.region_id
LEFT JOIN employees AS e
    ON s.store_id = e.store_id
GROUP BY
    r.region_name,
    s.store_name
ORDER BY
    employee_count ASC;

2026-09-21 15:48:48 | INFO | P05 | 
Query result:
   region_name        store_name  employee_count
0        South    Bayou Crossing               5
1         East     Pine Crossing               6
2         West    Desert Springs               7
3      Central      River Market               8
4        North       Cedar Plaza               9
5      Central  Lakeside Commons              10
6        South   Magnolia Market              10
7         East      Harbor Point              11
8        North         Northgate              12
9      Central    Prairie Center              13
10        West     Canyon Center              13
11       South   Sunrise Commons              14
12        East      Maple Square              15
13       South  Peachtree Center              17
14        West     Coastal Plaza              18
2026-09-21 15:48:48 | INFO | P05 | 
Sales by store: 
region_name       store_name  total_sales
       East     Harbor Point      2388.35
      North        Northgate      2284.10
    Central     River Market      2243.46
       West    Coastal Plaza      2131.11
    Central   Prairie Center      2074.11
      South  Magnolia Market      1998.44
       West    Canyon Center      1665.94
       East     Maple Square      1633.93
      South Peachtree Center      1584.73
       West   Desert Springs      1572.68
    Central Lakeside Commons      1541.37
       East    Pine Crossing      1182.72
      North      Cedar Plaza      1163.52
      South  Sunrise Commons       977.72
      South   Bayou Crossing       786.96
2026-09-21 15:48:48 | INFO | P05 | 
Sales by region:
region_name  total_sales
    Central      5858.94
       West      5369.73
      South      5347.85
       East      5205.00
      North      3447.62
2026-09-21 15:50:06 | INFO | P05 | === RUN START ===
2026-09-21 15:50:06 | INFO | P05 | project=P05 - PYTHON AND SQL
2026-09-21 15:50:06 | INFO | P05 | repo_dir=datafun-05-sql
2026-09-21 15:50:06 | INFO | P05 | python=3.14.7
2026-09-21 15:50:06 | INFO | P05 | os=Windows 11
2026-09-21 15:50:06 | INFO | P05 | shell=powershell
2026-09-21 15:50:06 | INFO | P05 | cwd=.
2026-09-21 15:50:06 | INFO | P05 | github_actions=False
2026-09-21 15:50:06 | INFO | P05 | ===================================
2026-09-21 15:50:06 | INFO | P05 | START main()
2026-09-21 15:50:06 | INFO | P05 | ===================================
2026-09-21 15:50:06 | INFO | P05 | -------------------------------
2026-09-21 15:50:06 | INFO | P05 | 01. LOAD the related tables.
2026-09-21 15:50:06 | INFO | P05 | -------------------------------
2026-09-21 15:50:06 | INFO | P05 | regions file = data\retail\region.csv
2026-09-21 15:50:06 | INFO | P05 | stores file = data\retail\store.csv
2026-09-21 15:50:06 | INFO | P05 | employees file = data\retail\employee.csv
2026-09-21 15:50:06 | INFO | P05 | sales file = data\retail\sale.csv
2026-09-21 15:50:06 | INFO | P05 | Related tables loaded successfully.
2026-09-21 15:50:06 | INFO | P05 | -------------------------------
2026-09-21 15:50:06 | INFO | P05 | 02. INSPECT the grain and keys.
2026-09-21 15:50:06 | INFO | P05 | -------------------------------
2026-09-21 15:50:06 | INFO | P05 | Regions grain: one business region
2026-09-21 15:50:06 | INFO | P05 | Stores grain: one store
2026-09-21 15:50:06 | INFO | P05 | Employees grain: one employee
2026-09-21 15:50:06 | INFO | P05 | Sales grain: one sale
2026-09-21 15:50:06 | INFO | P05 | Regions columns: ['region_id', 'region_name']
2026-09-21 15:50:06 | INFO | P05 | Stores columns: ['store_id', 'store_name', 'region_id', 'store_type', 'square_feet']
2026-09-21 15:50:06 | INFO | P05 | Employees columns: ['employee_id', 'employee_name', 'store_id', 'role', 'years_employed']
2026-09-21 15:50:06 | INFO | P05 | Sales columns: ['sale_id', 'store_id', 'product_group', 'items_sold', 'sale_amount', 'payment_type']
2026-09-21 15:50:06 | INFO | P05 | 
The data is stored in four related tables.

One region can have many stores.
The stores table uses region_id to identify each store's region.

One store can have many employees.
The employees table uses store_id to identify each employee's store.

One store can have many sales.
The sales table uses store_id to identify each sale's store.

The shared keys connect information stored in different tables.

2026-09-21 15:50:06 | INFO | P05 | -------------------------------
2026-09-21 15:50:06 | INFO | P05 | 03. CREATE a SQLite database.
2026-09-21 15:50:06 | INFO | P05 | -------------------------------
2026-09-21 15:50:06 | INFO | P05 | SQLite database = data\retail\business.sqlite
2026-09-21 15:50:06 | INFO | P05 | SQLite database connection created.
2026-09-21 15:50:06 | INFO | P05 | -------------------------------
2026-09-21 15:50:06 | INFO | P05 | 04. LOAD the tables into SQLite.
2026-09-21 15:50:06 | INFO | P05 | -------------------------------
2026-09-21 15:50:06 | INFO | P05 | Related tables loaded into SQLite.
2026-09-21 15:50:06 | INFO | P05 | -------------------------------
2026-09-21 15:50:06 | INFO | P05 | 05. QUERY across related tables with SQL.
2026-09-21 15:50:06 | INFO | P05 | -------------------------------
2026-09-21 15:50:06 | INFO | P05 | 
I want to compare the number of employees working at each store.
The result should have one row per store.

The information I need requires all three tables:
 - region name is in regions,
 - store name is in stores,
 - employee info is in employees.

2026-09-21 15:50:06 | INFO | P05 | 
SQL query:

SELECT
    r.region_name,
    s.store_name,
    COUNT(e.employee_id) AS employee_count
FROM regions AS r
JOIN stores AS s
    ON r.region_id = s.region_id
LEFT JOIN employees AS e
    ON s.store_id = e.store_id
GROUP BY
    r.region_name,
    s.store_name
ORDER BY
    employee_count ASC;

2026-09-21 15:50:06 | INFO | P05 | 
Query result:
   region_name        store_name  employee_count
0        South    Bayou Crossing               5
1         East     Pine Crossing               6
2         West    Desert Springs               7
3      Central      River Market               8
4        North       Cedar Plaza               9
5      Central  Lakeside Commons              10
6        South   Magnolia Market              10
7         East      Harbor Point              11
8        North         Northgate              12
9      Central    Prairie Center              13
10        West     Canyon Center              13
11       South   Sunrise Commons              14
12        East      Maple Square              15
13       South  Peachtree Center              17
14        West     Coastal Plaza              18
2026-09-21 15:50:06 | INFO | P05 | 
Sales by store: 
region_name       store_name  total_sales
       East     Harbor Point      2388.35
      North        Northgate      2284.10
    Central     River Market      2243.46
       West    Coastal Plaza      2131.11
    Central   Prairie Center      2074.11
      South  Magnolia Market      1998.44
       West    Canyon Center      1665.94
       East     Maple Square      1633.93
      South Peachtree Center      1584.73
       West   Desert Springs      1572.68
    Central Lakeside Commons      1541.37
       East    Pine Crossing      1182.72
      North      Cedar Plaza      1163.52
      South  Sunrise Commons       977.72
      South   Bayou Crossing       786.96
2026-09-21 15:50:06 | INFO | P05 | 
Sales by region:
region_name  total_sales
    Central      5858.94
       West      5369.73
      South      5347.85
       East      5205.00
      North      3447.62
2026-09-21 15:50:06 | INFO | P05 | 
Sales by store type:
store_type  total_sales
  Suburban     11106.49
     Urban     10580.29
Small Town      3542.36
2026-09-21 15:50:06 | INFO | P05 | -------------------------------
2026-09-21 15:50:06 | INFO | P05 | 06. VISUALIZE the query result with Python.
2026-09-21 15:50:06 | INFO | P05 | -------------------------------
2026-09-21 15:50:06 | INFO | P05 | 
The query result has one numeric value
(employee count) for each store.

A bar chart works for comparing
a numeric value across named categories.
Every pandas df has a
plot.box() method for creating box plots.

2026-09-21 15:50:07 | INFO | P05 | Chart saved successfully at docs\images\first-chart.png.
2026-09-21 15:50:07 | INFO | P05 | -------------------------------
2026-09-21 15:50:07 | INFO | P05 | 07. SUMMARIZE what you found.
2026-09-21 15:50:07 | INFO | P05 | -------------------------------
2026-09-21 15:50:07 | INFO | P05 | CUSTOM OBSERVATIONS:
    The SQL query connected information from
    the regions, stores, and employees tables.

    The result has one row per store.

    I observed that changing the ORDER BY statement from DESC to ASC changed the order of the results from highest employee count first to lowest employee count first.

    Based on this result, I would next like to explore other ways to compare stores, regions, and employees.
    
2026-09-21 15:50:07 | INFO | P05 | -------------------------------
2026-09-21 15:50:07 | INFO | P05 | 08. DISPLAY the visualization.
2026-09-21 15:50:07 | INFO | P05 | -------------------------------
2026-09-21 15:50:07 | INFO | P05 | In a script, call plt.show() at the end to display all charts.
2026-09-21 15:50:07 | INFO | P05 | Close all chart windows (with the close button) to continue.
2026-09-21 15:50:12 | INFO | P05 | ===================================
2026-09-21 15:50:12 | INFO | P05 | END main() - Executed successfully!
2026-09-21 15:50:12 | INFO | P05 | ===================================
2026-09-21 15:57:43 | INFO | P05 | === RUN START ===
2026-09-21 15:57:43 | INFO | P05 | project=P05 - PYTHON AND SQL
2026-09-21 15:57:43 | INFO | P05 | repo_dir=datafun-05-sql
2026-09-21 15:57:43 | INFO | P05 | python=3.14.7
2026-09-21 15:57:43 | INFO | P05 | os=Windows 11
2026-09-21 15:57:43 | INFO | P05 | shell=powershell
2026-09-21 15:57:43 | INFO | P05 | cwd=.
2026-09-21 15:57:43 | INFO | P05 | github_actions=False
2026-09-21 15:57:43 | INFO | P05 | ===================================
2026-09-21 15:57:43 | INFO | P05 | START main()
2026-09-21 15:57:43 | INFO | P05 | ===================================
2026-09-21 15:57:43 | INFO | P05 | -------------------------------
2026-09-21 15:57:43 | INFO | P05 | 01. LOAD the related tables.
2026-09-21 15:57:43 | INFO | P05 | -------------------------------
2026-09-21 15:57:43 | INFO | P05 | regions file = data\retail\region.csv
2026-09-21 15:57:43 | INFO | P05 | stores file = data\retail\store.csv
2026-09-21 15:57:43 | INFO | P05 | employees file = data\retail\employee.csv
2026-09-21 15:57:43 | INFO | P05 | sales file = data\retail\sale.csv
2026-09-21 15:57:43 | INFO | P05 | Related tables loaded successfully.
2026-09-21 15:57:43 | INFO | P05 | -------------------------------
2026-09-21 15:57:43 | INFO | P05 | 02. INSPECT the grain and keys.
2026-09-21 15:57:43 | INFO | P05 | -------------------------------
2026-09-21 15:57:43 | INFO | P05 | Regions grain: one business region
2026-09-21 15:57:43 | INFO | P05 | Stores grain: one store
2026-09-21 15:57:43 | INFO | P05 | Employees grain: one employee
2026-09-21 15:57:43 | INFO | P05 | Sales grain: one sale
2026-09-21 15:57:43 | INFO | P05 | Regions columns: ['region_id', 'region_name']
2026-09-21 15:57:43 | INFO | P05 | Stores columns: ['store_id', 'store_name', 'region_id', 'store_type', 'square_feet']
2026-09-21 15:57:43 | INFO | P05 | Employees columns: ['employee_id', 'employee_name', 'store_id', 'role', 'years_employed']
2026-09-21 15:57:43 | INFO | P05 | Sales columns: ['sale_id', 'store_id', 'product_group', 'items_sold', 'sale_amount', 'payment_type']
2026-09-21 15:57:43 | INFO | P05 | 
The data is stored in four related tables.

One region can have many stores.
The stores table uses region_id to identify each store's region.

One store can have many employees.
The employees table uses store_id to identify each employee's store.

One store can have many sales.
The sales table uses store_id to identify each sale's store.

The shared keys connect information stored in different tables.

2026-09-21 15:57:43 | INFO | P05 | -------------------------------
2026-09-21 15:57:43 | INFO | P05 | 03. CREATE a SQLite database.
2026-09-21 15:57:43 | INFO | P05 | -------------------------------
2026-09-21 15:57:43 | INFO | P05 | SQLite database = data\retail\business.sqlite
2026-09-21 15:57:43 | INFO | P05 | SQLite database connection created.
2026-09-21 15:57:43 | INFO | P05 | -------------------------------
2026-09-21 15:57:43 | INFO | P05 | 04. LOAD the tables into SQLite.
2026-09-21 15:57:43 | INFO | P05 | -------------------------------
2026-09-21 15:57:44 | INFO | P05 | Related tables loaded into SQLite.
2026-09-21 15:57:44 | INFO | P05 | -------------------------------
2026-09-21 15:57:44 | INFO | P05 | 05. QUERY across related tables with SQL.
2026-09-21 15:57:44 | INFO | P05 | -------------------------------
2026-09-21 15:57:44 | INFO | P05 | 
I want to compare the number of employees working at each store.
The result should have one row per store.

The information I need requires all three tables:
 - region name is in regions,
 - store name is in stores,
 - employee info is in employees.

2026-09-21 15:57:44 | INFO | P05 | 
SQL query:

SELECT
    r.region_name,
    s.store_name,
    COUNT(e.employee_id) AS employee_count
FROM regions AS r
JOIN stores AS s
    ON r.region_id = s.region_id
LEFT JOIN employees AS e
    ON s.store_id = e.store_id
GROUP BY
    r.region_name,
    s.store_name
ORDER BY
    employee_count ASC;

2026-09-21 16:01:28 | INFO | P05 | === RUN START ===
2026-09-21 16:01:28 | INFO | P05 | project=P05 - PYTHON AND SQL
2026-09-21 16:01:28 | INFO | P05 | repo_dir=datafun-05-sql
2026-09-21 16:01:28 | INFO | P05 | python=3.14.7
2026-09-21 16:01:28 | INFO | P05 | os=Windows 11
2026-09-21 16:01:28 | INFO | P05 | shell=powershell
2026-09-21 16:01:28 | INFO | P05 | cwd=.
2026-09-21 16:01:28 | INFO | P05 | github_actions=False
2026-09-21 16:01:28 | INFO | P05 | ===================================
2026-09-21 16:01:28 | INFO | P05 | START main()
2026-09-21 16:01:28 | INFO | P05 | ===================================
2026-09-21 16:01:28 | INFO | P05 | -------------------------------
2026-09-21 16:01:28 | INFO | P05 | 01. LOAD the related tables.
2026-09-21 16:01:28 | INFO | P05 | -------------------------------
2026-09-21 16:01:28 | INFO | P05 | regions file = data\retail\region.csv
2026-09-21 16:01:28 | INFO | P05 | stores file = data\retail\store.csv
2026-09-21 16:01:28 | INFO | P05 | employees file = data\retail\employee.csv
2026-09-21 16:01:28 | INFO | P05 | sales file = data\retail\sale.csv
2026-09-21 16:01:28 | INFO | P05 | Related tables loaded successfully.
2026-09-21 16:01:28 | INFO | P05 | -------------------------------
2026-09-21 16:01:28 | INFO | P05 | 02. INSPECT the grain and keys.
2026-09-21 16:01:28 | INFO | P05 | -------------------------------
2026-09-21 16:01:28 | INFO | P05 | Regions grain: one business region
2026-09-21 16:01:28 | INFO | P05 | Stores grain: one store
2026-09-21 16:01:28 | INFO | P05 | Employees grain: one employee
2026-09-21 16:01:28 | INFO | P05 | Sales grain: one sale
2026-09-21 16:01:28 | INFO | P05 | Regions columns: ['region_id', 'region_name']
2026-09-21 16:01:28 | INFO | P05 | Stores columns: ['store_id', 'store_name', 'region_id', 'store_type', 'square_feet']
2026-09-21 16:01:28 | INFO | P05 | Employees columns: ['employee_id', 'employee_name', 'store_id', 'role', 'years_employed']
2026-09-21 16:01:28 | INFO | P05 | Sales columns: ['sale_id', 'store_id', 'product_group', 'items_sold', 'sale_amount', 'payment_type']
2026-09-21 16:01:28 | INFO | P05 | 
The data is stored in four related tables.

One region can have many stores.
The stores table uses region_id to identify each store's region.

One store can have many employees.
The employees table uses store_id to identify each employee's store.

One store can have many sales.
The sales table uses store_id to identify each sale's store.

The shared keys connect information stored in different tables.

2026-09-21 16:01:28 | INFO | P05 | -------------------------------
2026-09-21 16:01:28 | INFO | P05 | 03. CREATE a SQLite database.
2026-09-21 16:01:28 | INFO | P05 | -------------------------------
2026-09-21 16:01:28 | INFO | P05 | SQLite database = data\retail\business.sqlite
2026-09-21 16:01:28 | INFO | P05 | SQLite database connection created.
2026-09-21 16:01:28 | INFO | P05 | -------------------------------
2026-09-21 16:01:28 | INFO | P05 | 04. LOAD the tables into SQLite.
2026-09-21 16:01:28 | INFO | P05 | -------------------------------
2026-09-21 16:01:28 | INFO | P05 | Related tables loaded into SQLite.
2026-09-21 16:01:28 | INFO | P05 | -------------------------------
2026-09-21 16:01:28 | INFO | P05 | 05. QUERY across related tables with SQL.
2026-09-21 16:01:28 | INFO | P05 | -------------------------------
2026-09-21 16:01:28 | INFO | P05 | 
I want to compare the number of employees working at each store.
The result should have one row per store.

The information I need requires all three tables:
 - region name is in regions,
 - store name is in stores,
 - employee info is in employees.

2026-09-21 16:01:28 | INFO | P05 | 
SQL query:

SELECT
    r.region_name,
    s.store_name,
    COUNT(e.employee_id) AS employee_count
FROM regions AS r
JOIN stores AS s
    ON r.region_id = s.region_id
LEFT JOIN employees AS e
    ON s.store_id = e.store_id
GROUP BY
    r.region_name,
    s.store_name
ORDER BY
    employee_count ASC;

2026-09-21 16:01:28 | INFO | P05 | 
Query result:
   region_name        store_name  employee_count
0        South    Bayou Crossing               5
1         East     Pine Crossing               6
2         West    Desert Springs               7
3      Central      River Market               8
4        North       Cedar Plaza               9
5      Central  Lakeside Commons              10
6        South   Magnolia Market              10
7         East      Harbor Point              11
8        North         Northgate              12
9      Central    Prairie Center              13
10        West     Canyon Center              13
11       South   Sunrise Commons              14
12        East      Maple Square              15
13       South  Peachtree Center              17
14        West     Coastal Plaza              18
2026-09-21 16:01:28 | INFO | P05 | 
Sales by store: 
region_name       store_name  total_sales
       East     Harbor Point      2388.35
      North        Northgate      2284.10
    Central     River Market      2243.46
       West    Coastal Plaza      2131.11
    Central   Prairie Center      2074.11
      South  Magnolia Market      1998.44
       West    Canyon Center      1665.94
       East     Maple Square      1633.93
      South Peachtree Center      1584.73
       West   Desert Springs      1572.68
    Central Lakeside Commons      1541.37
       East    Pine Crossing      1182.72
      North      Cedar Plaza      1163.52
      South  Sunrise Commons       977.72
      South   Bayou Crossing       786.96
2026-09-21 16:01:28 | INFO | P05 | 
Sales by region:
region_name  total_sales
    Central      5858.94
       West      5369.73
      South      5347.85
       East      5205.00
      North      3447.62
2026-09-21 16:01:28 | INFO | P05 | 
Sales by store type:
store_type  total_sales
  Suburban     11106.49
     Urban     10580.29
Small Town      3542.36
2026-09-21 16:01:28 | INFO | P05 | 
Sales by square feet:
      store_name  square_feet  total_sales
   Pine Crossing        14500      1182.72
  Bayou Crossing        15000       786.96
  Desert Springs        16000      1572.68
    River Market        18000      2243.46
    Harbor Point        19500      2388.35
 Magnolia Market        20500      1998.44
       Northgate        21000      2284.10
Lakeside Commons        22000      1541.37
   Canyon Center        22500      1665.94
     Cedar Plaza        23500      1163.52
  Prairie Center        24500      2074.11
 Sunrise Commons        25000       977.72
    Maple Square        26000      1633.93
Peachtree Center        27500      1584.73
   Coastal Plaza        28000      2131.11
2026-09-21 16:01:28 | INFO | P05 | -------------------------------
2026-09-21 16:01:28 | INFO | P05 | 06. VISUALIZE the query result with Python.
2026-09-21 16:01:28 | INFO | P05 | -------------------------------
2026-09-21 16:01:28 | INFO | P05 | 
The query result has one numeric value
(employee count) for each store.

A bar chart works for comparing
a numeric value across named categories.
Every pandas df has a
plot.box() method for creating box plots.

2026-09-21 16:01:28 | INFO | P05 | Chart saved successfully at docs\images\first-chart.png.
2026-09-21 16:01:28 | INFO | P05 | -------------------------------
2026-09-21 16:01:28 | INFO | P05 | 07. SUMMARIZE what you found.
2026-09-21 16:01:28 | INFO | P05 | -------------------------------
2026-09-21 16:01:28 | INFO | P05 | CUSTOM OBSERVATIONS:
    The SQL query connected information from
    the regions, stores, and employees tables.

    The result has one row per store.

    I observed that changing the ORDER BY statement from DESC to ASC changed the order of the results from highest employee count first to lowest employee count first.

    Based on this result, I would next like to explore other ways to compare stores, regions, and employees.
    
2026-09-21 16:01:28 | INFO | P05 | -------------------------------
2026-09-21 16:01:28 | INFO | P05 | 08. DISPLAY the visualization.
2026-09-21 16:01:28 | INFO | P05 | -------------------------------
2026-09-21 16:01:28 | INFO | P05 | In a script, call plt.show() at the end to display all charts.
2026-09-21 16:01:28 | INFO | P05 | Close all chart windows (with the close button) to continue.
2026-09-21 16:01:31 | INFO | P05 | ===================================
2026-09-21 16:01:31 | INFO | P05 | END main() - Executed successfully!
2026-09-21 16:01:31 | INFO | P05 | ===================================
2026-09-21 16:07:31 | INFO | P05 | === RUN START ===
2026-09-21 16:07:31 | INFO | P05 | project=P05 - PYTHON AND SQL
2026-09-21 16:07:31 | INFO | P05 | repo_dir=datafun-05-sql
2026-09-21 16:07:31 | INFO | P05 | python=3.14.7
2026-09-21 16:07:31 | INFO | P05 | os=Windows 11
2026-09-21 16:07:31 | INFO | P05 | shell=powershell
2026-09-21 16:07:31 | INFO | P05 | cwd=.
2026-09-21 16:07:31 | INFO | P05 | github_actions=False
2026-09-21 16:07:31 | INFO | P05 | ===================================
2026-09-21 16:07:31 | INFO | P05 | START main()
2026-09-21 16:07:31 | INFO | P05 | ===================================
2026-09-21 16:07:31 | INFO | P05 | -------------------------------
2026-09-21 16:07:31 | INFO | P05 | 01. LOAD the related tables.
2026-09-21 16:07:31 | INFO | P05 | -------------------------------
2026-09-21 16:07:31 | INFO | P05 | regions file = data\retail\region.csv
2026-09-21 16:07:31 | INFO | P05 | stores file = data\retail\store.csv
2026-09-21 16:07:31 | INFO | P05 | employees file = data\retail\employee.csv
2026-09-21 16:07:31 | INFO | P05 | sales file = data\retail\sale.csv
2026-09-21 16:07:31 | INFO | P05 | Related tables loaded successfully.
2026-09-21 16:07:31 | INFO | P05 | -------------------------------
2026-09-21 16:07:31 | INFO | P05 | 02. INSPECT the grain and keys.
2026-09-21 16:07:31 | INFO | P05 | -------------------------------
2026-09-21 16:07:31 | INFO | P05 | Regions grain: one business region
2026-09-21 16:07:31 | INFO | P05 | Stores grain: one store
2026-09-21 16:07:31 | INFO | P05 | Employees grain: one employee
2026-09-21 16:07:31 | INFO | P05 | Sales grain: one sale
2026-09-21 16:07:31 | INFO | P05 | Regions columns: ['region_id', 'region_name']
2026-09-21 16:07:31 | INFO | P05 | Stores columns: ['store_id', 'store_name', 'region_id', 'store_type', 'square_feet']
2026-09-21 16:07:31 | INFO | P05 | Employees columns: ['employee_id', 'employee_name', 'store_id', 'role', 'years_employed']
2026-09-21 16:07:31 | INFO | P05 | Sales columns: ['sale_id', 'store_id', 'product_group', 'items_sold', 'sale_amount', 'payment_type']
2026-09-21 16:07:31 | INFO | P05 | 
The data is stored in four related tables.

One region can have many stores.
The stores table uses region_id to identify each store's region.

One store can have many employees.
The employees table uses store_id to identify each employee's store.

One store can have many sales.
The sales table uses store_id to identify each sale's store.

The shared keys connect information stored in different tables.

2026-09-21 16:07:31 | INFO | P05 | -------------------------------
2026-09-21 16:07:31 | INFO | P05 | 03. CREATE a SQLite database.
2026-09-21 16:07:31 | INFO | P05 | -------------------------------
2026-09-21 16:07:31 | INFO | P05 | SQLite database = data\retail\business.sqlite
2026-09-21 16:07:31 | INFO | P05 | SQLite database connection created.
2026-09-21 16:07:31 | INFO | P05 | -------------------------------
2026-09-21 16:07:31 | INFO | P05 | 04. LOAD the tables into SQLite.
2026-09-21 16:07:31 | INFO | P05 | -------------------------------
2026-09-21 16:07:32 | INFO | P05 | Related tables loaded into SQLite.
2026-09-21 16:07:32 | INFO | P05 | -------------------------------
2026-09-21 16:07:32 | INFO | P05 | 05. QUERY across related tables with SQL.
2026-09-21 16:07:32 | INFO | P05 | -------------------------------
2026-09-21 16:07:32 | INFO | P05 | 
I want to compare the number of employees working at each store.
The result should have one row per store.

The information I need requires all three tables:
 - region name is in regions,
 - store name is in stores,
 - employee info is in employees.

2026-09-21 16:07:32 | INFO | P05 | 
SQL query:

SELECT
    r.region_name,
    s.store_name,
    COUNT(e.employee_id) AS employee_count
FROM regions AS r
JOIN stores AS s
    ON r.region_id = s.region_id
LEFT JOIN employees AS e
    ON s.store_id = e.store_id
GROUP BY
    r.region_name,
    s.store_name
ORDER BY
    employee_count ASC;

2026-09-21 16:07:32 | INFO | P05 | 
Query result:
   region_name        store_name  employee_count
0        South    Bayou Crossing               5
1         East     Pine Crossing               6
2         West    Desert Springs               7
3      Central      River Market               8
4        North       Cedar Plaza               9
5      Central  Lakeside Commons              10
6        South   Magnolia Market              10
7         East      Harbor Point              11
8        North         Northgate              12
9      Central    Prairie Center              13
10        West     Canyon Center              13
11       South   Sunrise Commons              14
12        East      Maple Square              15
13       South  Peachtree Center              17
14        West     Coastal Plaza              18
2026-09-21 16:07:32 | INFO | P05 | 
Sales by store: 
region_name       store_name  total_sales
       East     Harbor Point      2388.35
      North        Northgate      2284.10
    Central     River Market      2243.46
       West    Coastal Plaza      2131.11
    Central   Prairie Center      2074.11
      South  Magnolia Market      1998.44
       West    Canyon Center      1665.94
       East     Maple Square      1633.93
      South Peachtree Center      1584.73
       West   Desert Springs      1572.68
    Central Lakeside Commons      1541.37
       East    Pine Crossing      1182.72
      North      Cedar Plaza      1163.52
      South  Sunrise Commons       977.72
      South   Bayou Crossing       786.96
2026-09-21 16:07:32 | INFO | P05 | 
Sales by region:
region_name  total_sales
    Central      5858.94
       West      5369.73
      South      5347.85
       East      5205.00
      North      3447.62
2026-09-21 16:07:32 | INFO | P05 | 
Sales by store type:
store_type  total_sales
  Suburban     11106.49
     Urban     10580.29
Small Town      3542.36
2026-09-21 16:07:32 | INFO | P05 | 
Sales by square feet:
      store_name  square_feet  total_sales
   Pine Crossing        14500      1182.72
  Bayou Crossing        15000       786.96
  Desert Springs        16000      1572.68
    River Market        18000      2243.46
    Harbor Point        19500      2388.35
 Magnolia Market        20500      1998.44
       Northgate        21000      2284.10
Lakeside Commons        22000      1541.37
   Canyon Center        22500      1665.94
     Cedar Plaza        23500      1163.52
  Prairie Center        24500      2074.11
 Sunrise Commons        25000       977.72
    Maple Square        26000      1633.93
Peachtree Center        27500      1584.73
   Coastal Plaza        28000      2131.11
2026-09-21 16:07:32 | INFO | P05 | -------------------------------
2026-09-21 16:07:32 | INFO | P05 | 06. VISUALIZE the query result with Python.
2026-09-21 16:07:32 | INFO | P05 | -------------------------------
2026-09-21 16:07:32 | INFO | P05 | 
The query result has one numeric value
(employee count) for each store.

A bar chart works for comparing
a numeric value across named categories.
Every pandas df has a
plot.box() method for creating box plots.

2026-09-21 16:07:32 | INFO | P05 | Chart saved successfully at docs\images\first-chart.png.
2026-09-21 16:07:32 | INFO | P05 | -------------------------------
2026-09-21 16:07:32 | INFO | P05 | 07. SUMMARIZE what you found.
2026-09-21 16:07:32 | INFO | P05 | -------------------------------
2026-09-21 16:07:32 | INFO | P05 | CUSTOM OBSERVATIONS:
    The SQL query connected information from
    the regions, stores, and employees tables.

    The result has one row per store.

    I observed that changing the ORDER BY statement from DESC to ASC changed the order of the results from highest employee count first to lowest employee count first.

    Based on this result, I would next like to explore other ways to compare stores, regions, and employees.
    
2026-09-21 16:07:32 | INFO | P05 | -------------------------------
2026-09-21 16:07:32 | INFO | P05 | 08. DISPLAY the visualization.
2026-09-21 16:07:32 | INFO | P05 | -------------------------------
2026-09-21 16:07:32 | INFO | P05 | In a script, call plt.show() at the end to display all charts.
2026-09-21 16:07:32 | INFO | P05 | Close all chart windows (with the close button) to continue.
2026-09-21 16:07:54 | INFO | P05 | ===================================
2026-09-21 16:07:54 | INFO | P05 | END main() - Executed successfully!
2026-09-21 16:07:54 | INFO | P05 | ===================================
2026-09-21 16:11:33 | INFO | P05 | === RUN START ===
2026-09-21 16:11:33 | INFO | P05 | project=P05 - PYTHON AND SQL
2026-09-21 16:11:33 | INFO | P05 | repo_dir=datafun-05-sql
2026-09-21 16:11:33 | INFO | P05 | python=3.14.7
2026-09-21 16:11:33 | INFO | P05 | os=Windows 11
2026-09-21 16:11:33 | INFO | P05 | shell=powershell
2026-09-21 16:11:33 | INFO | P05 | cwd=.
2026-09-21 16:11:33 | INFO | P05 | github_actions=False
2026-09-21 16:11:33 | INFO | P05 | ===================================
2026-09-21 16:11:33 | INFO | P05 | START main()
2026-09-21 16:11:33 | INFO | P05 | ===================================
2026-09-21 16:11:33 | INFO | P05 | -------------------------------
2026-09-21 16:11:33 | INFO | P05 | 01. LOAD the related tables.
2026-09-21 16:11:33 | INFO | P05 | -------------------------------
2026-09-21 16:11:33 | INFO | P05 | regions file = data\retail\region.csv
2026-09-21 16:11:33 | INFO | P05 | stores file = data\retail\store.csv
2026-09-21 16:11:33 | INFO | P05 | employees file = data\retail\employee.csv
2026-09-21 16:11:33 | INFO | P05 | sales file = data\retail\sale.csv
2026-09-21 16:11:33 | INFO | P05 | Related tables loaded successfully.
2026-09-21 16:11:33 | INFO | P05 | -------------------------------
2026-09-21 16:11:33 | INFO | P05 | 02. INSPECT the grain and keys.
2026-09-21 16:11:33 | INFO | P05 | -------------------------------
2026-09-21 16:11:33 | INFO | P05 | Regions grain: one business region
2026-09-21 16:11:33 | INFO | P05 | Stores grain: one store
2026-09-21 16:11:33 | INFO | P05 | Employees grain: one employee
2026-09-21 16:11:33 | INFO | P05 | Sales grain: one sale
2026-09-21 16:11:33 | INFO | P05 | Regions columns: ['region_id', 'region_name']
2026-09-21 16:11:33 | INFO | P05 | Stores columns: ['store_id', 'store_name', 'region_id', 'store_type', 'square_feet']
2026-09-21 16:11:33 | INFO | P05 | Employees columns: ['employee_id', 'employee_name', 'store_id', 'role', 'years_employed']
2026-09-21 16:11:33 | INFO | P05 | Sales columns: ['sale_id', 'store_id', 'product_group', 'items_sold', 'sale_amount', 'payment_type']
2026-09-21 16:11:33 | INFO | P05 | 
The data is stored in four related tables.

One region can have many stores.
The stores table uses region_id to identify each store's region.

One store can have many employees.
The employees table uses store_id to identify each employee's store.

One store can have many sales.
The sales table uses store_id to identify each sale's store.

The shared keys connect information stored in different tables.

2026-09-21 16:11:33 | INFO | P05 | -------------------------------
2026-09-21 16:11:33 | INFO | P05 | 03. CREATE a SQLite database.
2026-09-21 16:11:33 | INFO | P05 | -------------------------------
2026-09-21 16:11:33 | INFO | P05 | SQLite database = data\retail\business.sqlite
2026-09-21 16:11:33 | INFO | P05 | SQLite database connection created.
2026-09-21 16:11:33 | INFO | P05 | -------------------------------
2026-09-21 16:11:33 | INFO | P05 | 04. LOAD the tables into SQLite.
2026-09-21 16:11:33 | INFO | P05 | -------------------------------
2026-09-21 16:11:33 | INFO | P05 | Related tables loaded into SQLite.
2026-09-21 16:11:33 | INFO | P05 | -------------------------------
2026-09-21 16:11:33 | INFO | P05 | 05. QUERY across related tables with SQL.
2026-09-21 16:11:33 | INFO | P05 | -------------------------------
2026-09-21 16:11:33 | INFO | P05 | 
I want to compare the number of employees working at each store.
The result should have one row per store.

The information I need requires all three tables:
 - region name is in regions,
 - store name is in stores,
 - employee info is in employees.

2026-09-21 16:11:33 | INFO | P05 | 
SQL query:

SELECT
    r.region_name,
    s.store_name,
    COUNT(e.employee_id) AS employee_count
FROM regions AS r
JOIN stores AS s
    ON r.region_id = s.region_id
LEFT JOIN employees AS e
    ON s.store_id = e.store_id
GROUP BY
    r.region_name,
    s.store_name
ORDER BY
    employee_count ASC;

2026-09-21 16:11:33 | INFO | P05 | 
Query result:
   region_name        store_name  employee_count
0        South    Bayou Crossing               5
1         East     Pine Crossing               6
2         West    Desert Springs               7
3      Central      River Market               8
4        North       Cedar Plaza               9
5      Central  Lakeside Commons              10
6        South   Magnolia Market              10
7         East      Harbor Point              11
8        North         Northgate              12
9      Central    Prairie Center              13
10        West     Canyon Center              13
11       South   Sunrise Commons              14
12        East      Maple Square              15
13       South  Peachtree Center              17
14        West     Coastal Plaza              18
2026-09-21 16:11:33 | INFO | P05 | 
Sales by store: 
region_name       store_name  total_sales
       East     Harbor Point      2388.35
      North        Northgate      2284.10
    Central     River Market      2243.46
       West    Coastal Plaza      2131.11
    Central   Prairie Center      2074.11
      South  Magnolia Market      1998.44
       West    Canyon Center      1665.94
       East     Maple Square      1633.93
      South Peachtree Center      1584.73
       West   Desert Springs      1572.68
    Central Lakeside Commons      1541.37
       East    Pine Crossing      1182.72
      North      Cedar Plaza      1163.52
      South  Sunrise Commons       977.72
      South   Bayou Crossing       786.96
2026-09-21 16:11:33 | INFO | P05 | 
Sales by region:
region_name  total_sales
    Central      5858.94
       West      5369.73
      South      5347.85
       East      5205.00
      North      3447.62
2026-09-21 16:11:33 | INFO | P05 | 
Sales by store type:
store_type  total_sales
  Suburban     11106.49
     Urban     10580.29
Small Town      3542.36
2026-09-21 16:11:33 | INFO | P05 | 
Sales by square feet:
      store_name  square_feet  total_sales
   Pine Crossing        14500      1182.72
  Bayou Crossing        15000       786.96
  Desert Springs        16000      1572.68
    River Market        18000      2243.46
    Harbor Point        19500      2388.35
 Magnolia Market        20500      1998.44
       Northgate        21000      2284.10
Lakeside Commons        22000      1541.37
   Canyon Center        22500      1665.94
     Cedar Plaza        23500      1163.52
  Prairie Center        24500      2074.11
 Sunrise Commons        25000       977.72
    Maple Square        26000      1633.93
Peachtree Center        27500      1584.73
   Coastal Plaza        28000      2131.11
2026-09-21 16:11:33 | INFO | P05 | Correlation between store size and total sales: 0.185
2026-09-21 16:11:33 | INFO | P05 | -------------------------------
2026-09-21 16:11:33 | INFO | P05 | 06. VISUALIZE the query result with Python.
2026-09-21 16:11:33 | INFO | P05 | -------------------------------
2026-09-21 16:11:33 | INFO | P05 | 
The query result has one numeric value
(employee count) for each store.

A bar chart works for comparing
a numeric value across named categories.
Every pandas df has a
plot.box() method for creating box plots.

2026-09-21 16:11:34 | INFO | P05 | Chart saved successfully at docs\images\first-chart.png.
2026-09-21 16:11:34 | INFO | P05 | -------------------------------
2026-09-21 16:11:34 | INFO | P05 | 07. SUMMARIZE what you found.
2026-09-21 16:11:34 | INFO | P05 | -------------------------------
2026-09-21 16:11:34 | INFO | P05 | CUSTOM OBSERVATIONS:
    The SQL query connected information from
    the regions, stores, and employees tables.

    The result has one row per store.

    I observed that changing the ORDER BY statement from DESC to ASC changed the order of the results from highest employee count first to lowest employee count first.

    Based on this result, I would next like to explore other ways to compare stores, regions, and employees.
    
2026-09-21 16:11:34 | INFO | P05 | -------------------------------
2026-09-21 16:11:34 | INFO | P05 | 08. DISPLAY the visualization.
2026-09-21 16:11:34 | INFO | P05 | -------------------------------
2026-09-21 16:11:34 | INFO | P05 | In a script, call plt.show() at the end to display all charts.
2026-09-21 16:11:34 | INFO | P05 | Close all chart windows (with the close button) to continue.
2026-09-21 16:12:16 | INFO | P05 | ===================================
2026-09-21 16:12:16 | INFO | P05 | END main() - Executed successfully!
2026-09-21 16:12:16 | INFO | P05 | ===================================
2026-09-21 16:26:37 | INFO | P05 | === RUN START ===
2026-09-21 16:26:37 | INFO | P05 | project=P05 - PYTHON AND SQL
2026-09-21 16:26:37 | INFO | P05 | repo_dir=datafun-05-sql
2026-09-21 16:26:37 | INFO | P05 | python=3.14.7
2026-09-21 16:26:37 | INFO | P05 | os=Windows 11
2026-09-21 16:26:37 | INFO | P05 | shell=powershell
2026-09-21 16:26:37 | INFO | P05 | cwd=.
2026-09-21 16:26:37 | INFO | P05 | github_actions=False
2026-09-21 16:26:37 | INFO | P05 | ===================================
2026-09-21 16:26:37 | INFO | P05 | START main()
2026-09-21 16:26:37 | INFO | P05 | ===================================
2026-09-21 16:26:37 | INFO | P05 | -------------------------------
2026-09-21 16:26:37 | INFO | P05 | 01. LOAD the related tables.
2026-09-21 16:26:37 | INFO | P05 | -------------------------------
2026-09-21 16:26:37 | INFO | P05 | regions file = data\retail\region.csv
2026-09-21 16:26:37 | INFO | P05 | stores file = data\retail\store.csv
2026-09-21 16:26:37 | INFO | P05 | employees file = data\retail\employee.csv
2026-09-21 16:26:37 | INFO | P05 | sales file = data\retail\sale.csv
2026-09-21 16:26:37 | INFO | P05 | Related tables loaded successfully.
2026-09-21 16:26:37 | INFO | P05 | -------------------------------
2026-09-21 16:26:37 | INFO | P05 | 02. INSPECT the grain and keys.
2026-09-21 16:26:37 | INFO | P05 | -------------------------------
2026-09-21 16:26:37 | INFO | P05 | Regions grain: one business region
2026-09-21 16:26:37 | INFO | P05 | Stores grain: one store
2026-09-21 16:26:37 | INFO | P05 | Employees grain: one employee
2026-09-21 16:26:37 | INFO | P05 | Sales grain: one sale
2026-09-21 16:26:37 | INFO | P05 | Regions columns: ['region_id', 'region_name']
2026-09-21 16:26:37 | INFO | P05 | Stores columns: ['store_id', 'store_name', 'region_id', 'store_type', 'square_feet']
2026-09-21 16:26:37 | INFO | P05 | Employees columns: ['employee_id', 'employee_name', 'store_id', 'role', 'years_employed']
2026-09-21 16:26:37 | INFO | P05 | Sales columns: ['sale_id', 'store_id', 'product_group', 'items_sold', 'sale_amount', 'payment_type']
2026-09-21 16:26:37 | INFO | P05 | 
The data is stored in four related tables.

One region can have many stores.
The stores table uses region_id to identify each store's region.

One store can have many employees.
The employees table uses store_id to identify each employee's store.

One store can have many sales.
The sales table uses store_id to identify each sale's store.

The shared keys connect information stored in different tables.

2026-09-21 16:26:37 | INFO | P05 | -------------------------------
2026-09-21 16:26:37 | INFO | P05 | 03. CREATE a SQLite database.
2026-09-21 16:26:37 | INFO | P05 | -------------------------------
2026-09-21 16:26:37 | INFO | P05 | SQLite database = data\retail\business.sqlite
2026-09-21 16:26:37 | INFO | P05 | SQLite database connection created.
2026-09-21 16:26:37 | INFO | P05 | -------------------------------
2026-09-21 16:26:37 | INFO | P05 | 04. LOAD the tables into SQLite.
2026-09-21 16:26:37 | INFO | P05 | -------------------------------
2026-09-21 16:26:37 | INFO | P05 | Related tables loaded into SQLite.
2026-09-21 16:26:37 | INFO | P05 | -------------------------------
2026-09-21 16:26:37 | INFO | P05 | 05. QUERY across related tables with SQL.
2026-09-21 16:26:37 | INFO | P05 | -------------------------------
2026-09-21 16:26:37 | INFO | P05 | 
I want to compare the number of employees working at each store.
The result should have one row per store.

The information I need requires all three tables:
 - region name is in regions,
 - store name is in stores,
 - employee info is in employees.

2026-09-21 16:26:37 | INFO | P05 | 
SQL query:

SELECT
    r.region_name,
    s.store_name,
    COUNT(e.employee_id) AS employee_count
FROM regions AS r
JOIN stores AS s
    ON r.region_id = s.region_id
LEFT JOIN employees AS e
    ON s.store_id = e.store_id
GROUP BY
    r.region_name,
    s.store_name
ORDER BY
    employee_count ASC;

2026-09-21 16:37:00 | INFO | P05 | === RUN START ===
2026-09-21 16:37:00 | INFO | P05 | project=P05 - PYTHON AND SQL
2026-09-21 16:37:00 | INFO | P05 | repo_dir=datafun-05-sql
2026-09-21 16:37:00 | INFO | P05 | python=3.14.7
2026-09-21 16:37:00 | INFO | P05 | os=Windows 11
2026-09-21 16:37:00 | INFO | P05 | shell=powershell
2026-09-21 16:37:00 | INFO | P05 | cwd=.
2026-09-21 16:37:00 | INFO | P05 | github_actions=False
2026-09-21 16:37:00 | INFO | P05 | ===================================
2026-09-21 16:37:00 | INFO | P05 | START main()
2026-09-21 16:37:00 | INFO | P05 | ===================================
2026-09-21 16:37:00 | INFO | P05 | -------------------------------
2026-09-21 16:37:00 | INFO | P05 | 01. LOAD the related tables.
2026-09-21 16:37:00 | INFO | P05 | -------------------------------
2026-09-21 16:37:00 | INFO | P05 | regions file = data\retail\region.csv
2026-09-21 16:37:00 | INFO | P05 | stores file = data\retail\store.csv
2026-09-21 16:37:00 | INFO | P05 | employees file = data\retail\employee.csv
2026-09-21 16:37:00 | INFO | P05 | sales file = data\retail\sale.csv
2026-09-21 16:37:00 | INFO | P05 | Related tables loaded successfully.
2026-09-21 16:37:00 | INFO | P05 | -------------------------------
2026-09-21 16:37:00 | INFO | P05 | 02. INSPECT the grain and keys.
2026-09-21 16:37:00 | INFO | P05 | -------------------------------
2026-09-21 16:37:00 | INFO | P05 | Regions grain: one business region
2026-09-21 16:37:00 | INFO | P05 | Stores grain: one store
2026-09-21 16:37:00 | INFO | P05 | Employees grain: one employee
2026-09-21 16:37:00 | INFO | P05 | Sales grain: one sale
2026-09-21 16:37:00 | INFO | P05 | Regions columns: ['region_id', 'region_name']
2026-09-21 16:37:00 | INFO | P05 | Stores columns: ['store_id', 'store_name', 'region_id', 'store_type', 'square_feet']
2026-09-21 16:37:00 | INFO | P05 | Employees columns: ['employee_id', 'employee_name', 'store_id', 'role', 'years_employed']
2026-09-21 16:37:00 | INFO | P05 | Sales columns: ['sale_id', 'store_id', 'product_group', 'items_sold', 'sale_amount', 'payment_type']
2026-09-21 16:37:00 | INFO | P05 | 
The data is stored in four related tables.

One region can have many stores.
The stores table uses region_id to identify each store's region.

One store can have many employees.
The employees table uses store_id to identify each employee's store.

One store can have many sales.
The sales table uses store_id to identify each sale's store.

The shared keys connect information stored in different tables.

2026-09-21 16:37:01 | INFO | P05 | -------------------------------
2026-09-21 16:37:01 | INFO | P05 | 03. CREATE a SQLite database.
2026-09-21 16:37:01 | INFO | P05 | -------------------------------
2026-09-21 16:37:01 | INFO | P05 | SQLite database = data\retail\business.sqlite
2026-09-21 16:37:01 | INFO | P05 | SQLite database connection created.
2026-09-21 16:37:01 | INFO | P05 | -------------------------------
2026-09-21 16:37:01 | INFO | P05 | 04. LOAD the tables into SQLite.
2026-09-21 16:37:01 | INFO | P05 | -------------------------------
2026-09-21 16:37:01 | INFO | P05 | Related tables loaded into SQLite.
2026-09-21 16:37:01 | INFO | P05 | -------------------------------
2026-09-21 16:37:01 | INFO | P05 | 05. QUERY across related tables with SQL.
2026-09-21 16:37:01 | INFO | P05 | -------------------------------
2026-09-21 16:37:01 | INFO | P05 | 
I want to compare the number of employees working at each store.
The result should have one row per store.

The information I need requires all three tables:
 - region name is in regions,
 - store name is in stores,
 - employee info is in employees.

2026-09-21 16:37:01 | INFO | P05 | 
SQL query:

SELECT
    r.region_name,
    s.store_name,
    COUNT(e.employee_id) AS employee_count
FROM regions AS r
JOIN stores AS s
    ON r.region_id = s.region_id
LEFT JOIN employees AS e
    ON s.store_id = e.store_id
GROUP BY
    r.region_name,
    s.store_name
ORDER BY
    employee_count ASC;

2026-09-21 16:38:22 | INFO | P05 | === RUN START ===
2026-09-21 16:38:22 | INFO | P05 | project=P05 - PYTHON AND SQL
2026-09-21 16:38:22 | INFO | P05 | repo_dir=datafun-05-sql
2026-09-21 16:38:22 | INFO | P05 | python=3.14.7
2026-09-21 16:38:22 | INFO | P05 | os=Windows 11
2026-09-21 16:38:22 | INFO | P05 | shell=powershell
2026-09-21 16:38:22 | INFO | P05 | cwd=.
2026-09-21 16:38:22 | INFO | P05 | github_actions=False
2026-09-21 16:38:22 | INFO | P05 | ===================================
2026-09-21 16:38:22 | INFO | P05 | START main()
2026-09-21 16:38:22 | INFO | P05 | ===================================
2026-09-21 16:38:22 | INFO | P05 | -------------------------------
2026-09-21 16:38:22 | INFO | P05 | 01. LOAD the related tables.
2026-09-21 16:38:22 | INFO | P05 | -------------------------------
2026-09-21 16:38:22 | INFO | P05 | regions file = data\retail\region.csv
2026-09-21 16:38:22 | INFO | P05 | stores file = data\retail\store.csv
2026-09-21 16:38:22 | INFO | P05 | employees file = data\retail\employee.csv
2026-09-21 16:38:22 | INFO | P05 | sales file = data\retail\sale.csv
2026-09-21 16:38:22 | INFO | P05 | Related tables loaded successfully.
2026-09-21 16:38:22 | INFO | P05 | -------------------------------
2026-09-21 16:38:22 | INFO | P05 | 02. INSPECT the grain and keys.
2026-09-21 16:38:22 | INFO | P05 | -------------------------------
2026-09-21 16:38:22 | INFO | P05 | Regions grain: one business region
2026-09-21 16:38:22 | INFO | P05 | Stores grain: one store
2026-09-21 16:38:22 | INFO | P05 | Employees grain: one employee
2026-09-21 16:38:22 | INFO | P05 | Sales grain: one sale
2026-09-21 16:38:22 | INFO | P05 | Regions columns: ['region_id', 'region_name']
2026-09-21 16:38:22 | INFO | P05 | Stores columns: ['store_id', 'store_name', 'region_id', 'store_type', 'square_feet']
2026-09-21 16:38:22 | INFO | P05 | Employees columns: ['employee_id', 'employee_name', 'store_id', 'role', 'years_employed']
2026-09-21 16:38:22 | INFO | P05 | Sales columns: ['sale_id', 'store_id', 'product_group', 'items_sold', 'sale_amount', 'payment_type']
2026-09-21 16:38:22 | INFO | P05 | 
The data is stored in four related tables.

One region can have many stores.
The stores table uses region_id to identify each store's region.

One store can have many employees.
The employees table uses store_id to identify each employee's store.

One store can have many sales.
The sales table uses store_id to identify each sale's store.

The shared keys connect information stored in different tables.

2026-09-21 16:38:22 | INFO | P05 | -------------------------------
2026-09-21 16:38:22 | INFO | P05 | 03. CREATE a SQLite database.
2026-09-21 16:38:22 | INFO | P05 | -------------------------------
2026-09-21 16:38:22 | INFO | P05 | SQLite database = data\retail\business.sqlite
2026-09-21 16:38:22 | INFO | P05 | SQLite database connection created.
2026-09-21 16:38:22 | INFO | P05 | -------------------------------
2026-09-21 16:38:22 | INFO | P05 | 04. LOAD the tables into SQLite.
2026-09-21 16:38:22 | INFO | P05 | -------------------------------
2026-09-21 16:38:22 | INFO | P05 | Related tables loaded into SQLite.
2026-09-21 16:38:22 | INFO | P05 | -------------------------------
2026-09-21 16:38:22 | INFO | P05 | 05. QUERY across related tables with SQL.
2026-09-21 16:38:22 | INFO | P05 | -------------------------------
2026-09-21 16:38:22 | INFO | P05 | 
I want to compare the number of employees working at each store.
The result should have one row per store.

The information I need requires all three tables:
 - region name is in regions,
 - store name is in stores,
 - employee info is in employees.

2026-09-21 16:38:22 | INFO | P05 | 
SQL query:

SELECT
    r.region_name,
    s.store_name,
    COUNT(e.employee_id) AS employee_count
FROM regions AS r
JOIN stores AS s
    ON r.region_id = s.region_id
LEFT JOIN employees AS e
    ON s.store_id = e.store_id
GROUP BY
    r.region_name,
    s.store_name
ORDER BY
    employee_count ASC;

2026-09-21 16:38:22 | INFO | P05 | 
Query result:
   region_name        store_name  employee_count
0        South    Bayou Crossing               5
1         East     Pine Crossing               6
2         West    Desert Springs               7
3      Central      River Market               8
4        North       Cedar Plaza               9
5      Central  Lakeside Commons              10
6        South   Magnolia Market              10
7         East      Harbor Point              11
8        North         Northgate              12
9      Central    Prairie Center              13
10        West     Canyon Center              13
11       South   Sunrise Commons              14
12        East      Maple Square              15
13       South  Peachtree Center              17
14        West     Coastal Plaza              18
2026-09-21 16:38:22 | INFO | P05 | 
Sales by store: 
region_name       store_name  total_sales
       East     Harbor Point      2388.35
      North        Northgate      2284.10
    Central     River Market      2243.46
       West    Coastal Plaza      2131.11
    Central   Prairie Center      2074.11
      South  Magnolia Market      1998.44
       West    Canyon Center      1665.94
       East     Maple Square      1633.93
      South Peachtree Center      1584.73
       West   Desert Springs      1572.68
    Central Lakeside Commons      1541.37
       East    Pine Crossing      1182.72
      North      Cedar Plaza      1163.52
      South  Sunrise Commons       977.72
      South   Bayou Crossing       786.96
2026-09-21 16:38:22 | INFO | P05 | 
Sales by region:
region_name  total_sales
    Central      5858.94
       West      5369.73
      South      5347.85
       East      5205.00
      North      3447.62
2026-09-21 16:38:22 | INFO | P05 | 
Sales by store type:
store_type  total_sales
  Suburban     11106.49
     Urban     10580.29
Small Town      3542.36
2026-09-21 16:38:22 | INFO | P05 | 
Sales by square feet:
      store_name  square_feet  total_sales
   Pine Crossing        14500      1182.72
  Bayou Crossing        15000       786.96
  Desert Springs        16000      1572.68
    River Market        18000      2243.46
    Harbor Point        19500      2388.35
 Magnolia Market        20500      1998.44
       Northgate        21000      2284.10
Lakeside Commons        22000      1541.37
   Canyon Center        22500      1665.94
     Cedar Plaza        23500      1163.52
  Prairie Center        24500      2074.11
 Sunrise Commons        25000       977.72
    Maple Square        26000      1633.93
Peachtree Center        27500      1584.73
   Coastal Plaza        28000      2131.11
2026-09-21 16:38:22 | INFO | P05 | Correlation between store size and total sales: 0.185
2026-09-21 16:38:22 | INFO | P05 | 
Sales per employee:
      store_name  employee_count  total_sales  sales_per_employee
    River Market               8      2243.46          280.432500
  Desert Springs               7      1572.68          224.668571
    Harbor Point              11      2388.35          217.122727
 Magnolia Market              10      1998.44          199.844000
   Pine Crossing               6      1182.72          197.120000
       Northgate              12      2284.10          190.341667
  Prairie Center              13      2074.11          159.546923
  Bayou Crossing               5       786.96          157.392000
Lakeside Commons              10      1541.37          154.137000
     Cedar Plaza               9      1163.52          129.280000
   Canyon Center              13      1665.94          128.149231
   Coastal Plaza              18      2131.11          118.395000
    Maple Square              15      1633.93          108.928667
Peachtree Center              17      1584.73           93.219412
 Sunrise Commons              14       977.72           69.837143
2026-09-21 16:38:22 | INFO | P05 | -------------------------------
2026-09-21 16:38:22 | INFO | P05 | 06. VISUALIZE the query result with Python.
2026-09-21 16:38:22 | INFO | P05 | -------------------------------
2026-09-21 16:38:22 | INFO | P05 | 
The query result has one numeric value
(employee count) for each store.

A bar chart works for comparing
a numeric value across named categories.
Every pandas df has a
plot.box() method for creating box plots.

2026-09-21 16:38:22 | INFO | P05 | Chart saved successfully at docs\images\first-chart.png.
2026-09-21 16:38:23 | INFO | P05 | -------------------------------
2026-09-21 16:38:23 | INFO | P05 | 07. SUMMARIZE what you found.
2026-09-21 16:38:23 | INFO | P05 | -------------------------------
2026-09-21 16:38:23 | INFO | P05 | CUSTOM OBSERVATIONS:
    The SQL query connected information from
    the regions, stores, and employees tables.

    The result has one row per store.

    I observed that changing the ORDER BY statement from DESC to ASC changed the order of the results from highest employee count first to lowest employee count first.

    Based on this result, I would next like to explore other ways to compare stores, regions, and employees.
    
2026-09-21 16:38:23 | INFO | P05 | -------------------------------
2026-09-21 16:38:23 | INFO | P05 | 08. DISPLAY the visualization.
2026-09-21 16:38:23 | INFO | P05 | -------------------------------
2026-09-21 16:38:23 | INFO | P05 | In a script, call plt.show() at the end to display all charts.
2026-09-21 16:38:23 | INFO | P05 | Close all chart windows (with the close button) to continue.
2026-09-21 16:38:26 | INFO | P05 | ===================================
2026-09-21 16:38:26 | INFO | P05 | END main() - Executed successfully!
2026-09-21 16:38:26 | INFO | P05 | ===================================
2026-09-21 16:40:17 | INFO | P05 | === RUN START ===
2026-09-21 16:40:17 | INFO | P05 | project=P05 - PYTHON AND SQL
2026-09-21 16:40:17 | INFO | P05 | repo_dir=datafun-05-sql
2026-09-21 16:40:17 | INFO | P05 | python=3.14.7
2026-09-21 16:40:17 | INFO | P05 | os=Windows 11
2026-09-21 16:40:17 | INFO | P05 | shell=powershell
2026-09-21 16:40:17 | INFO | P05 | cwd=.
2026-09-21 16:40:17 | INFO | P05 | github_actions=False
2026-09-21 16:40:17 | INFO | P05 | ===================================
2026-09-21 16:40:17 | INFO | P05 | START main()
2026-09-21 16:40:17 | INFO | P05 | ===================================
2026-09-21 16:40:17 | INFO | P05 | -------------------------------
2026-09-21 16:40:17 | INFO | P05 | 01. LOAD the related tables.
2026-09-21 16:40:17 | INFO | P05 | -------------------------------
2026-09-21 16:40:17 | INFO | P05 | regions file = data\retail\region.csv
2026-09-21 16:40:17 | INFO | P05 | stores file = data\retail\store.csv
2026-09-21 16:40:17 | INFO | P05 | employees file = data\retail\employee.csv
2026-09-21 16:40:17 | INFO | P05 | sales file = data\retail\sale.csv
2026-09-21 16:40:17 | INFO | P05 | Related tables loaded successfully.
2026-09-21 16:40:17 | INFO | P05 | -------------------------------
2026-09-21 16:40:17 | INFO | P05 | 02. INSPECT the grain and keys.
2026-09-21 16:40:17 | INFO | P05 | -------------------------------
2026-09-21 16:40:17 | INFO | P05 | Regions grain: one business region
2026-09-21 16:40:17 | INFO | P05 | Stores grain: one store
2026-09-21 16:40:17 | INFO | P05 | Employees grain: one employee
2026-09-21 16:40:17 | INFO | P05 | Sales grain: one sale
2026-09-21 16:40:17 | INFO | P05 | Regions columns: ['region_id', 'region_name']
2026-09-21 16:40:17 | INFO | P05 | Stores columns: ['store_id', 'store_name', 'region_id', 'store_type', 'square_feet']
2026-09-21 16:40:17 | INFO | P05 | Employees columns: ['employee_id', 'employee_name', 'store_id', 'role', 'years_employed']
2026-09-21 16:40:17 | INFO | P05 | Sales columns: ['sale_id', 'store_id', 'product_group', 'items_sold', 'sale_amount', 'payment_type']
2026-09-21 16:40:17 | INFO | P05 | 
The data is stored in four related tables.

One region can have many stores.
The stores table uses region_id to identify each store's region.

One store can have many employees.
The employees table uses store_id to identify each employee's store.

One store can have many sales.
The sales table uses store_id to identify each sale's store.

The shared keys connect information stored in different tables.

2026-09-21 16:40:17 | INFO | P05 | -------------------------------
2026-09-21 16:40:17 | INFO | P05 | 03. CREATE a SQLite database.
2026-09-21 16:40:17 | INFO | P05 | -------------------------------
2026-09-21 16:40:17 | INFO | P05 | SQLite database = data\retail\business.sqlite
2026-09-21 16:40:17 | INFO | P05 | SQLite database connection created.
2026-09-21 16:40:17 | INFO | P05 | -------------------------------
2026-09-21 16:40:17 | INFO | P05 | 04. LOAD the tables into SQLite.
2026-09-21 16:40:17 | INFO | P05 | -------------------------------
2026-09-21 16:40:17 | INFO | P05 | Related tables loaded into SQLite.
2026-09-21 16:40:17 | INFO | P05 | -------------------------------
2026-09-21 16:40:17 | INFO | P05 | 05. QUERY across related tables with SQL.
2026-09-21 16:40:17 | INFO | P05 | -------------------------------
2026-09-21 16:40:17 | INFO | P05 | 
I want to compare the number of employees working at each store.
The result should have one row per store.

The information I need requires all three tables:
 - region name is in regions,
 - store name is in stores,
 - employee info is in employees.

2026-09-21 16:40:17 | INFO | P05 | 
SQL query:

SELECT
    r.region_name,
    s.store_name,
    COUNT(e.employee_id) AS employee_count
FROM regions AS r
JOIN stores AS s
    ON r.region_id = s.region_id
LEFT JOIN employees AS e
    ON s.store_id = e.store_id
GROUP BY
    r.region_name,
    s.store_name
ORDER BY
    employee_count ASC;

2026-09-21 16:40:17 | INFO | P05 | 
Query result:
   region_name        store_name  employee_count
0        South    Bayou Crossing               5
1         East     Pine Crossing               6
2         West    Desert Springs               7
3      Central      River Market               8
4        North       Cedar Plaza               9
5      Central  Lakeside Commons              10
6        South   Magnolia Market              10
7         East      Harbor Point              11
8        North         Northgate              12
9      Central    Prairie Center              13
10        West     Canyon Center              13
11       South   Sunrise Commons              14
12        East      Maple Square              15
13       South  Peachtree Center              17
14        West     Coastal Plaza              18
2026-09-21 16:40:17 | INFO | P05 | 
Sales by store: 
region_name       store_name  total_sales
       East     Harbor Point      2388.35
      North        Northgate      2284.10
    Central     River Market      2243.46
       West    Coastal Plaza      2131.11
    Central   Prairie Center      2074.11
      South  Magnolia Market      1998.44
       West    Canyon Center      1665.94
       East     Maple Square      1633.93
      South Peachtree Center      1584.73
       West   Desert Springs      1572.68
    Central Lakeside Commons      1541.37
       East    Pine Crossing      1182.72
      North      Cedar Plaza      1163.52
      South  Sunrise Commons       977.72
      South   Bayou Crossing       786.96
2026-09-21 16:40:17 | INFO | P05 | 
Sales by region:
region_name  total_sales
    Central      5858.94
       West      5369.73
      South      5347.85
       East      5205.00
      North      3447.62
2026-09-21 16:40:17 | INFO | P05 | 
Sales by store type:
store_type  total_sales
  Suburban     11106.49
     Urban     10580.29
Small Town      3542.36
2026-09-21 16:40:17 | INFO | P05 | 
Sales by square feet:
      store_name  square_feet  total_sales
   Pine Crossing        14500      1182.72
  Bayou Crossing        15000       786.96
  Desert Springs        16000      1572.68
    River Market        18000      2243.46
    Harbor Point        19500      2388.35
 Magnolia Market        20500      1998.44
       Northgate        21000      2284.10
Lakeside Commons        22000      1541.37
   Canyon Center        22500      1665.94
     Cedar Plaza        23500      1163.52
  Prairie Center        24500      2074.11
 Sunrise Commons        25000       977.72
    Maple Square        26000      1633.93
Peachtree Center        27500      1584.73
   Coastal Plaza        28000      2131.11
2026-09-21 16:40:17 | INFO | P05 | Correlation between store size and total sales: 0.185
2026-09-21 16:40:17 | INFO | P05 | 
Sales per employee:
      store_name  employee_count  total_sales  sales_per_employee
    River Market               8      2243.46              280.43
  Desert Springs               7      1572.68              224.67
    Harbor Point              11      2388.35              217.12
 Magnolia Market              10      1998.44              199.84
   Pine Crossing               6      1182.72              197.12
       Northgate              12      2284.10              190.34
  Prairie Center              13      2074.11              159.55
  Bayou Crossing               5       786.96              157.39
Lakeside Commons              10      1541.37              154.14
     Cedar Plaza               9      1163.52              129.28
   Canyon Center              13      1665.94              128.15
   Coastal Plaza              18      2131.11              118.40
    Maple Square              15      1633.93              108.93
Peachtree Center              17      1584.73               93.22
 Sunrise Commons              14       977.72               69.84
2026-09-21 16:40:17 | INFO | P05 | -------------------------------
2026-09-21 16:40:17 | INFO | P05 | 06. VISUALIZE the query result with Python.
2026-09-21 16:40:17 | INFO | P05 | -------------------------------
2026-09-21 16:40:17 | INFO | P05 | 
The query result has one numeric value
(employee count) for each store.

A bar chart works for comparing
a numeric value across named categories.
Every pandas df has a
plot.box() method for creating box plots.

2026-09-21 16:40:18 | INFO | P05 | Chart saved successfully at docs\images\first-chart.png.
2026-09-21 16:40:18 | INFO | P05 | -------------------------------
2026-09-21 16:40:18 | INFO | P05 | 07. SUMMARIZE what you found.
2026-09-21 16:40:18 | INFO | P05 | -------------------------------
2026-09-21 16:40:18 | INFO | P05 | CUSTOM OBSERVATIONS:
    The SQL query connected information from
    the regions, stores, and employees tables.

    The result has one row per store.

    I observed that changing the ORDER BY statement from DESC to ASC changed the order of the results from highest employee count first to lowest employee count first.

    Based on this result, I would next like to explore other ways to compare stores, regions, and employees.
    
2026-09-21 16:40:18 | INFO | P05 | -------------------------------
2026-09-21 16:40:18 | INFO | P05 | 08. DISPLAY the visualization.
2026-09-21 16:40:18 | INFO | P05 | -------------------------------
2026-09-21 16:40:18 | INFO | P05 | In a script, call plt.show() at the end to display all charts.
2026-09-21 16:40:18 | INFO | P05 | Close all chart windows (with the close button) to continue.
2026-09-21 16:40:21 | INFO | P05 | ===================================
2026-09-21 16:40:21 | INFO | P05 | END main() - Executed successfully!
2026-09-21 16:40:21 | INFO | P05 | ===================================
2026-09-21 16:44:21 | INFO | P05 | === RUN START ===
2026-09-21 16:44:21 | INFO | P05 | project=P05 - PYTHON AND SQL
2026-09-21 16:44:21 | INFO | P05 | repo_dir=datafun-05-sql
2026-09-21 16:44:21 | INFO | P05 | python=3.14.7
2026-09-21 16:44:21 | INFO | P05 | os=Windows 11
2026-09-21 16:44:21 | INFO | P05 | shell=powershell
2026-09-21 16:44:21 | INFO | P05 | cwd=.
2026-09-21 16:44:21 | INFO | P05 | github_actions=False
2026-09-21 16:44:21 | INFO | P05 | ===================================
2026-09-21 16:44:21 | INFO | P05 | START main()
2026-09-21 16:44:21 | INFO | P05 | ===================================
2026-09-21 16:44:21 | INFO | P05 | -------------------------------
2026-09-21 16:44:21 | INFO | P05 | 01. LOAD the related tables.
2026-09-21 16:44:21 | INFO | P05 | -------------------------------
2026-09-21 16:44:21 | INFO | P05 | regions file = data\retail\region.csv
2026-09-21 16:44:21 | INFO | P05 | stores file = data\retail\store.csv
2026-09-21 16:44:21 | INFO | P05 | employees file = data\retail\employee.csv
2026-09-21 16:44:21 | INFO | P05 | sales file = data\retail\sale.csv
2026-09-21 16:44:21 | INFO | P05 | Related tables loaded successfully.
2026-09-21 16:44:21 | INFO | P05 | -------------------------------
2026-09-21 16:44:21 | INFO | P05 | 02. INSPECT the grain and keys.
2026-09-21 16:44:21 | INFO | P05 | -------------------------------
2026-09-21 16:44:21 | INFO | P05 | Regions grain: one business region
2026-09-21 16:44:21 | INFO | P05 | Stores grain: one store
2026-09-21 16:44:21 | INFO | P05 | Employees grain: one employee
2026-09-21 16:44:21 | INFO | P05 | Sales grain: one sale
2026-09-21 16:44:21 | INFO | P05 | Regions columns: ['region_id', 'region_name']
2026-09-21 16:44:21 | INFO | P05 | Stores columns: ['store_id', 'store_name', 'region_id', 'store_type', 'square_feet']
2026-09-21 16:44:21 | INFO | P05 | Employees columns: ['employee_id', 'employee_name', 'store_id', 'role', 'years_employed']
2026-09-21 16:44:21 | INFO | P05 | Sales columns: ['sale_id', 'store_id', 'product_group', 'items_sold', 'sale_amount', 'payment_type']
2026-09-21 16:44:21 | INFO | P05 | 
The data is stored in four related tables.

One region can have many stores.
The stores table uses region_id to identify each store's region.

One store can have many employees.
The employees table uses store_id to identify each employee's store.

One store can have many sales.
The sales table uses store_id to identify each sale's store.

The shared keys connect information stored in different tables.

2026-09-21 16:44:21 | INFO | P05 | -------------------------------
2026-09-21 16:44:21 | INFO | P05 | 03. CREATE a SQLite database.
2026-09-21 16:44:21 | INFO | P05 | -------------------------------
2026-09-21 16:44:21 | INFO | P05 | SQLite database = data\retail\business.sqlite
2026-09-21 16:44:21 | INFO | P05 | SQLite database connection created.
2026-09-21 16:44:21 | INFO | P05 | -------------------------------
2026-09-21 16:44:21 | INFO | P05 | 04. LOAD the tables into SQLite.
2026-09-21 16:44:21 | INFO | P05 | -------------------------------
2026-09-21 16:44:21 | INFO | P05 | Related tables loaded into SQLite.
2026-09-21 16:44:21 | INFO | P05 | -------------------------------
2026-09-21 16:44:21 | INFO | P05 | 05. QUERY across related tables with SQL.
2026-09-21 16:44:21 | INFO | P05 | -------------------------------
2026-09-21 16:44:21 | INFO | P05 | 
I want to compare the number of employees working at each store.
The result should have one row per store.

The information I need requires all three tables:
 - region name is in regions,
 - store name is in stores,
 - employee info is in employees.

2026-09-21 16:44:21 | INFO | P05 | 
SQL query:

SELECT
    r.region_name,
    s.store_name,
    COUNT(e.employee_id) AS employee_count
FROM regions AS r
JOIN stores AS s
    ON r.region_id = s.region_id
LEFT JOIN employees AS e
    ON s.store_id = e.store_id
GROUP BY
    r.region_name,
    s.store_name
ORDER BY
    employee_count ASC;

2026-09-21 16:44:21 | INFO | P05 | 
Query result:
   region_name        store_name  employee_count
0        South    Bayou Crossing               5
1         East     Pine Crossing               6
2         West    Desert Springs               7
3      Central      River Market               8
4        North       Cedar Plaza               9
5      Central  Lakeside Commons              10
6        South   Magnolia Market              10
7         East      Harbor Point              11
8        North         Northgate              12
9      Central    Prairie Center              13
10        West     Canyon Center              13
11       South   Sunrise Commons              14
12        East      Maple Square              15
13       South  Peachtree Center              17
14        West     Coastal Plaza              18
2026-09-21 16:44:21 | INFO | P05 | 
Sales by store: 
region_name       store_name  total_sales
       East     Harbor Point      2388.35
      North        Northgate      2284.10
    Central     River Market      2243.46
       West    Coastal Plaza      2131.11
    Central   Prairie Center      2074.11
      South  Magnolia Market      1998.44
       West    Canyon Center      1665.94
       East     Maple Square      1633.93
      South Peachtree Center      1584.73
       West   Desert Springs      1572.68
    Central Lakeside Commons      1541.37
       East    Pine Crossing      1182.72
      North      Cedar Plaza      1163.52
      South  Sunrise Commons       977.72
      South   Bayou Crossing       786.96
2026-09-21 16:44:21 | INFO | P05 | 
Sales by region:
region_name  total_sales
    Central      5858.94
       West      5369.73
      South      5347.85
       East      5205.00
      North      3447.62
2026-09-21 16:44:21 | INFO | P05 | 
Sales by store type:
store_type  total_sales
  Suburban     11106.49
     Urban     10580.29
Small Town      3542.36
2026-09-21 16:44:21 | INFO | P05 | 
Sales by square feet:
      store_name  square_feet  total_sales
   Pine Crossing        14500      1182.72
  Bayou Crossing        15000       786.96
  Desert Springs        16000      1572.68
    River Market        18000      2243.46
    Harbor Point        19500      2388.35
 Magnolia Market        20500      1998.44
       Northgate        21000      2284.10
Lakeside Commons        22000      1541.37
   Canyon Center        22500      1665.94
     Cedar Plaza        23500      1163.52
  Prairie Center        24500      2074.11
 Sunrise Commons        25000       977.72
    Maple Square        26000      1633.93
Peachtree Center        27500      1584.73
   Coastal Plaza        28000      2131.11
2026-09-21 16:44:21 | INFO | P05 | Correlation between store size and total sales: 0.185
2026-09-21 16:44:21 | INFO | P05 | 
Sales per employee:
      store_name  employee_count  total_sales  sales_per_employee
    River Market               8      2243.46              280.43
  Desert Springs               7      1572.68              224.67
    Harbor Point              11      2388.35              217.12
 Magnolia Market              10      1998.44              199.84
   Pine Crossing               6      1182.72              197.12
       Northgate              12      2284.10              190.34
  Prairie Center              13      2074.11              159.55
  Bayou Crossing               5       786.96              157.39
Lakeside Commons              10      1541.37              154.14
     Cedar Plaza               9      1163.52              129.28
   Canyon Center              13      1665.94              128.15
   Coastal Plaza              18      2131.11              118.40
    Maple Square              15      1633.93              108.93
Peachtree Center              17      1584.73               93.22
 Sunrise Commons              14       977.72               69.84
2026-09-21 16:44:21 | INFO | P05 | Correlation between employee count and total sales: 0.335
2026-09-21 16:44:21 | INFO | P05 | -------------------------------
2026-09-21 16:44:21 | INFO | P05 | 06. VISUALIZE the query result with Python.
2026-09-21 16:44:21 | INFO | P05 | -------------------------------
2026-09-21 16:44:21 | INFO | P05 | 
The query result has one numeric value
(employee count) for each store.

A bar chart works for comparing
a numeric value across named categories.
Every pandas df has a
plot.box() method for creating box plots.

2026-09-21 16:44:21 | INFO | P05 | Chart saved successfully at docs\images\first-chart.png.
2026-09-21 16:44:21 | INFO | P05 | -------------------------------
2026-09-21 16:44:21 | INFO | P05 | 07. SUMMARIZE what you found.
2026-09-21 16:44:21 | INFO | P05 | -------------------------------
2026-09-21 16:44:21 | INFO | P05 | CUSTOM OBSERVATIONS:
    The SQL query connected information from
    the regions, stores, and employees tables.

    The result has one row per store.

    I observed that changing the ORDER BY statement from DESC to ASC changed the order of the results from highest employee count first to lowest employee count first.

    Based on this result, I would next like to explore other ways to compare stores, regions, and employees.
    
2026-09-21 16:44:21 | INFO | P05 | -------------------------------
2026-09-21 16:44:21 | INFO | P05 | 08. DISPLAY the visualization.
2026-09-21 16:44:21 | INFO | P05 | -------------------------------
2026-09-21 16:44:21 | INFO | P05 | In a script, call plt.show() at the end to display all charts.
2026-09-21 16:44:21 | INFO | P05 | Close all chart windows (with the close button) to continue.
2026-09-21 16:45:05 | INFO | P05 | ===================================
2026-09-21 16:45:05 | INFO | P05 | END main() - Executed successfully!
2026-09-21 16:45:05 | INFO | P05 | ===================================
2026-09-21 16:49:53 | INFO | P05 | === RUN START ===
2026-09-21 16:49:53 | INFO | P05 | project=P05 - PYTHON AND SQL
2026-09-21 16:49:53 | INFO | P05 | repo_dir=datafun-05-sql
2026-09-21 16:49:53 | INFO | P05 | python=3.14.7
2026-09-21 16:49:53 | INFO | P05 | os=Windows 11
2026-09-21 16:49:53 | INFO | P05 | shell=powershell
2026-09-21 16:49:53 | INFO | P05 | cwd=.
2026-09-21 16:49:53 | INFO | P05 | github_actions=False
2026-09-21 16:49:53 | INFO | P05 | ===================================
2026-09-21 16:49:53 | INFO | P05 | START main()
2026-09-21 16:49:53 | INFO | P05 | ===================================
2026-09-21 16:49:53 | INFO | P05 | -------------------------------
2026-09-21 16:49:53 | INFO | P05 | 01. LOAD the related tables.
2026-09-21 16:49:53 | INFO | P05 | -------------------------------
2026-09-21 16:49:53 | INFO | P05 | regions file = data\retail\region.csv
2026-09-21 16:49:53 | INFO | P05 | stores file = data\retail\store.csv
2026-09-21 16:49:53 | INFO | P05 | employees file = data\retail\employee.csv
2026-09-21 16:49:53 | INFO | P05 | sales file = data\retail\sale.csv
2026-09-21 16:49:53 | INFO | P05 | Related tables loaded successfully.
2026-09-21 16:49:53 | INFO | P05 | -------------------------------
2026-09-21 16:49:53 | INFO | P05 | 02. INSPECT the grain and keys.
2026-09-21 16:49:53 | INFO | P05 | -------------------------------
2026-09-21 16:49:53 | INFO | P05 | Regions grain: one business region
2026-09-21 16:49:53 | INFO | P05 | Stores grain: one store
2026-09-21 16:49:53 | INFO | P05 | Employees grain: one employee
2026-09-21 16:49:53 | INFO | P05 | Sales grain: one sale
2026-09-21 16:49:53 | INFO | P05 | Regions columns: ['region_id', 'region_name']
2026-09-21 16:49:53 | INFO | P05 | Stores columns: ['store_id', 'store_name', 'region_id', 'store_type', 'square_feet']
2026-09-21 16:49:53 | INFO | P05 | Employees columns: ['employee_id', 'employee_name', 'store_id', 'role', 'years_employed']
2026-09-21 16:49:53 | INFO | P05 | Sales columns: ['sale_id', 'store_id', 'product_group', 'items_sold', 'sale_amount', 'payment_type']
2026-09-21 16:49:53 | INFO | P05 | 
The data is stored in four related tables.

One region can have many stores.
The stores table uses region_id to identify each store's region.

One store can have many employees.
The employees table uses store_id to identify each employee's store.

One store can have many sales.
The sales table uses store_id to identify each sale's store.

The shared keys connect information stored in different tables.

2026-09-21 16:49:53 | INFO | P05 | -------------------------------
2026-09-21 16:49:53 | INFO | P05 | 03. CREATE a SQLite database.
2026-09-21 16:49:53 | INFO | P05 | -------------------------------
2026-09-21 16:49:53 | INFO | P05 | SQLite database = data\retail\business.sqlite
2026-09-21 16:49:53 | INFO | P05 | SQLite database connection created.
2026-09-21 16:49:53 | INFO | P05 | -------------------------------
2026-09-21 16:49:53 | INFO | P05 | 04. LOAD the tables into SQLite.
2026-09-21 16:49:53 | INFO | P05 | -------------------------------
2026-09-21 16:49:53 | INFO | P05 | Related tables loaded into SQLite.
2026-09-21 16:49:53 | INFO | P05 | -------------------------------
2026-09-21 16:49:53 | INFO | P05 | 05. QUERY across related tables with SQL.
2026-09-21 16:49:53 | INFO | P05 | -------------------------------
2026-09-21 16:49:53 | INFO | P05 | 
I want to compare the number of employees working at each store.
The result should have one row per store.

The information I need requires all three tables:
 - region name is in regions,
 - store name is in stores,
 - employee info is in employees.

2026-09-21 16:49:53 | INFO | P05 | 
SQL query:

SELECT
    r.region_name,
    s.store_name,
    COUNT(e.employee_id) AS employee_count
FROM regions AS r
JOIN stores AS s
    ON r.region_id = s.region_id
LEFT JOIN employees AS e
    ON s.store_id = e.store_id
GROUP BY
    r.region_name,
    s.store_name
ORDER BY
    employee_count ASC;

2026-09-21 16:49:53 | INFO | P05 | 
Query result:
   region_name        store_name  employee_count
0        South    Bayou Crossing               5
1         East     Pine Crossing               6
2         West    Desert Springs               7
3      Central      River Market               8
4        North       Cedar Plaza               9
5      Central  Lakeside Commons              10
6        South   Magnolia Market              10
7         East      Harbor Point              11
8        North         Northgate              12
9      Central    Prairie Center              13
10        West     Canyon Center              13
11       South   Sunrise Commons              14
12        East      Maple Square              15
13       South  Peachtree Center              17
14        West     Coastal Plaza              18
2026-09-21 16:49:53 | INFO | P05 | 
Sales by store: 
region_name       store_name  total_sales
       East     Harbor Point      2388.35
      North        Northgate      2284.10
    Central     River Market      2243.46
       West    Coastal Plaza      2131.11
    Central   Prairie Center      2074.11
      South  Magnolia Market      1998.44
       West    Canyon Center      1665.94
       East     Maple Square      1633.93
      South Peachtree Center      1584.73
       West   Desert Springs      1572.68
    Central Lakeside Commons      1541.37
       East    Pine Crossing      1182.72
      North      Cedar Plaza      1163.52
      South  Sunrise Commons       977.72
      South   Bayou Crossing       786.96
2026-09-21 16:49:53 | INFO | P05 | 
Sales by region:
region_name  total_sales
    Central      5858.94
       West      5369.73
      South      5347.85
       East      5205.00
      North      3447.62
2026-09-21 16:49:53 | INFO | P05 | 
Sales by store type:
store_type  total_sales
  Suburban     11106.49
     Urban     10580.29
Small Town      3542.36
2026-09-21 16:49:53 | INFO | P05 | 
Sales by square feet:
      store_name  square_feet  total_sales
   Pine Crossing        14500      1182.72
  Bayou Crossing        15000       786.96
  Desert Springs        16000      1572.68
    River Market        18000      2243.46
    Harbor Point        19500      2388.35
 Magnolia Market        20500      1998.44
       Northgate        21000      2284.10
Lakeside Commons        22000      1541.37
   Canyon Center        22500      1665.94
     Cedar Plaza        23500      1163.52
  Prairie Center        24500      2074.11
 Sunrise Commons        25000       977.72
    Maple Square        26000      1633.93
Peachtree Center        27500      1584.73
   Coastal Plaza        28000      2131.11
2026-09-21 16:49:53 | INFO | P05 | Correlation between store size and total sales: 0.185
2026-09-21 16:49:53 | INFO | P05 | 
Sales per employee:
      store_name  employee_count  total_sales  sales_per_employee
    River Market               8      2243.46              280.43
  Desert Springs               7      1572.68              224.67
    Harbor Point              11      2388.35              217.12
 Magnolia Market              10      1998.44              199.84
   Pine Crossing               6      1182.72              197.12
       Northgate              12      2284.10              190.34
  Prairie Center              13      2074.11              159.55
  Bayou Crossing               5       786.96              157.39
Lakeside Commons              10      1541.37              154.14
     Cedar Plaza               9      1163.52              129.28
   Canyon Center              13      1665.94              128.15
   Coastal Plaza              18      2131.11              118.40
    Maple Square              15      1633.93              108.93
Peachtree Center              17      1584.73               93.22
 Sunrise Commons              14       977.72               69.84
2026-09-21 16:49:53 | INFO | P05 | Correlation between employee count and total sales: 0.335
2026-09-21 16:49:53 | INFO | P05 | -------------------------------
2026-09-21 16:49:53 | INFO | P05 | 06. VISUALIZE the query result with Python.
2026-09-21 16:49:53 | INFO | P05 | -------------------------------
2026-09-21 16:49:53 | INFO | P05 | 
The query result has one numeric value
(employee count) for each store.

A bar chart works for comparing
a numeric value across named categories.
Every pandas df has a
plot.box() method for creating box plots.

2026-09-21 16:49:53 | INFO | P05 | Chart saved successfully at docs\images\first-chart.png.
2026-09-21 16:49:53 | INFO | P05 | -------------------------------
2026-09-21 16:49:53 | INFO | P05 | 07. SUMMARIZE what you found.
2026-09-21 16:49:53 | INFO | P05 | -------------------------------
2026-09-21 16:49:53 | INFO | P05 | CUSTOM OBSERVATIONS:
    The SQL query connected information from
    the regions, stores, and employees tables.

    The result has one row per store.

    I observed that changing the ORDER BY statement from DESC to ASC changed the order of the results from highest employee count first to lowest employee count first.

    Based on this result, I would next like to explore other ways to compare stores, regions, and employees.
    
2026-09-21 16:49:53 | INFO | P05 | -------------------------------
2026-09-21 16:49:53 | INFO | P05 | 08. DISPLAY the visualization.
2026-09-21 16:49:53 | INFO | P05 | -------------------------------
2026-09-21 16:49:53 | INFO | P05 | In a script, call plt.show() at the end to display all charts.
2026-09-21 16:49:53 | INFO | P05 | Close all chart windows (with the close button) to continue.
2026-09-21 16:50:41 | INFO | P05 | ===================================
2026-09-21 16:50:41 | INFO | P05 | END main() - Executed successfully!
2026-09-21 16:50:41 | INFO | P05 | ===================================
2026-09-21 16:56:21 | INFO | P05 | === RUN START ===
2026-09-21 16:56:21 | INFO | P05 | project=P05 - PYTHON AND SQL
2026-09-21 16:56:21 | INFO | P05 | repo_dir=datafun-05-sql
2026-09-21 16:56:21 | INFO | P05 | python=3.14.7
2026-09-21 16:56:21 | INFO | P05 | os=Windows 11
2026-09-21 16:56:21 | INFO | P05 | shell=powershell
2026-09-21 16:56:21 | INFO | P05 | cwd=.
2026-09-21 16:56:21 | INFO | P05 | github_actions=False
2026-09-21 16:56:21 | INFO | P05 | ===================================
2026-09-21 16:56:21 | INFO | P05 | START main()
2026-09-21 16:56:21 | INFO | P05 | ===================================
2026-09-21 16:56:21 | INFO | P05 | -------------------------------
2026-09-21 16:56:21 | INFO | P05 | 01. LOAD the related tables.
2026-09-21 16:56:21 | INFO | P05 | -------------------------------
2026-09-21 16:56:21 | INFO | P05 | regions file = data\retail\region.csv
2026-09-21 16:56:21 | INFO | P05 | stores file = data\retail\store.csv
2026-09-21 16:56:21 | INFO | P05 | employees file = data\retail\employee.csv
2026-09-21 16:56:21 | INFO | P05 | sales file = data\retail\sale.csv
2026-09-21 16:56:21 | INFO | P05 | Related tables loaded successfully.
2026-09-21 16:56:21 | INFO | P05 | -------------------------------
2026-09-21 16:56:21 | INFO | P05 | 02. INSPECT the grain and keys.
2026-09-21 16:56:21 | INFO | P05 | -------------------------------
2026-09-21 16:56:21 | INFO | P05 | Regions grain: one business region
2026-09-21 16:56:21 | INFO | P05 | Stores grain: one store
2026-09-21 16:56:21 | INFO | P05 | Employees grain: one employee
2026-09-21 16:56:21 | INFO | P05 | Sales grain: one sale
2026-09-21 16:56:21 | INFO | P05 | Regions columns: ['region_id', 'region_name']
2026-09-21 16:56:21 | INFO | P05 | Stores columns: ['store_id', 'store_name', 'region_id', 'store_type', 'square_feet']
2026-09-21 16:56:21 | INFO | P05 | Employees columns: ['employee_id', 'employee_name', 'store_id', 'role', 'years_employed']
2026-09-21 16:56:21 | INFO | P05 | Sales columns: ['sale_id', 'store_id', 'product_group', 'items_sold', 'sale_amount', 'payment_type']
2026-09-21 16:56:21 | INFO | P05 | 
The data is stored in four related tables.

One region can have many stores.
The stores table uses region_id to identify each store's region.

One store can have many employees.
The employees table uses store_id to identify each employee's store.

One store can have many sales.
The sales table uses store_id to identify each sale's store.

The shared keys connect information stored in different tables.

2026-09-21 16:56:21 | INFO | P05 | -------------------------------
2026-09-21 16:56:21 | INFO | P05 | 03. CREATE a SQLite database.
2026-09-21 16:56:21 | INFO | P05 | -------------------------------
2026-09-21 16:56:21 | INFO | P05 | SQLite database = data\retail\business.sqlite
2026-09-21 16:56:21 | INFO | P05 | SQLite database connection created.
2026-09-21 16:56:21 | INFO | P05 | -------------------------------
2026-09-21 16:56:21 | INFO | P05 | 04. LOAD the tables into SQLite.
2026-09-21 16:56:21 | INFO | P05 | -------------------------------
2026-09-21 16:56:21 | INFO | P05 | Related tables loaded into SQLite.
2026-09-21 16:56:21 | INFO | P05 | -------------------------------
2026-09-21 16:56:21 | INFO | P05 | 05. QUERY across related tables with SQL.
2026-09-21 16:56:21 | INFO | P05 | -------------------------------
2026-09-21 16:56:21 | INFO | P05 | 
I want to compare the number of employees working at each store.
The result should have one row per store.

The information I need requires all three tables:
 - region name is in regions,
 - store name is in stores,
 - employee info is in employees.

2026-09-21 16:56:21 | INFO | P05 | 
SQL query:

SELECT
    r.region_name,
    s.store_name,
    COUNT(e.employee_id) AS employee_count
FROM regions AS r
JOIN stores AS s
    ON r.region_id = s.region_id
LEFT JOIN employees AS e
    ON s.store_id = e.store_id
GROUP BY
    r.region_name,
    s.store_name
ORDER BY
    employee_count ASC;

2026-09-21 16:56:21 | INFO | P05 | 
Query result:
   region_name        store_name  employee_count
0        South    Bayou Crossing               5
1         East     Pine Crossing               6
2         West    Desert Springs               7
3      Central      River Market               8
4        North       Cedar Plaza               9
5      Central  Lakeside Commons              10
6        South   Magnolia Market              10
7         East      Harbor Point              11
8        North         Northgate              12
9      Central    Prairie Center              13
10        West     Canyon Center              13
11       South   Sunrise Commons              14
12        East      Maple Square              15
13       South  Peachtree Center              17
14        West     Coastal Plaza              18
2026-09-21 16:56:21 | INFO | P05 | 
Sales by store: 
region_name       store_name  total_sales
       East     Harbor Point      2388.35
      North        Northgate      2284.10
    Central     River Market      2243.46
       West    Coastal Plaza      2131.11
    Central   Prairie Center      2074.11
      South  Magnolia Market      1998.44
       West    Canyon Center      1665.94
       East     Maple Square      1633.93
      South Peachtree Center      1584.73
       West   Desert Springs      1572.68
    Central Lakeside Commons      1541.37
       East    Pine Crossing      1182.72
      North      Cedar Plaza      1163.52
      South  Sunrise Commons       977.72
      South   Bayou Crossing       786.96
2026-09-21 16:56:21 | INFO | P05 | 
Sales by region:
region_name  total_sales
    Central      5858.94
       West      5369.73
      South      5347.85
       East      5205.00
      North      3447.62
2026-09-21 16:56:21 | INFO | P05 | 
Sales by store type:
store_type  total_sales
  Suburban     11106.49
     Urban     10580.29
Small Town      3542.36
2026-09-21 16:56:21 | INFO | P05 | 
Sales by square feet:
      store_name  square_feet  total_sales
   Pine Crossing        14500      1182.72
  Bayou Crossing        15000       786.96
  Desert Springs        16000      1572.68
    River Market        18000      2243.46
    Harbor Point        19500      2388.35
 Magnolia Market        20500      1998.44
       Northgate        21000      2284.10
Lakeside Commons        22000      1541.37
   Canyon Center        22500      1665.94
     Cedar Plaza        23500      1163.52
  Prairie Center        24500      2074.11
 Sunrise Commons        25000       977.72
    Maple Square        26000      1633.93
Peachtree Center        27500      1584.73
   Coastal Plaza        28000      2131.11
2026-09-21 16:56:21 | INFO | P05 | Correlation between store size and total sales: 0.185
2026-09-21 16:56:21 | INFO | P05 | 
Sales per employee:
      store_name  employee_count  total_sales  sales_per_employee
    River Market               8      2243.46              280.43
  Desert Springs               7      1572.68              224.67
    Harbor Point              11      2388.35              217.12
 Magnolia Market              10      1998.44              199.84
   Pine Crossing               6      1182.72              197.12
       Northgate              12      2284.10              190.34
  Prairie Center              13      2074.11              159.55
  Bayou Crossing               5       786.96              157.39
Lakeside Commons              10      1541.37              154.14
     Cedar Plaza               9      1163.52              129.28
   Canyon Center              13      1665.94              128.15
   Coastal Plaza              18      2131.11              118.40
    Maple Square              15      1633.93              108.93
Peachtree Center              17      1584.73               93.22
 Sunrise Commons              14       977.72               69.84
2026-09-21 16:56:21 | INFO | P05 | Correlation between employee count and total sales: 0.335
2026-09-21 16:56:21 | INFO | P05 | -------------------------------
2026-09-21 16:56:21 | INFO | P05 | 06. VISUALIZE the query result with Python.
2026-09-21 16:56:21 | INFO | P05 | -------------------------------
2026-09-21 16:56:21 | INFO | P05 | 
The query result has one numeric value
(employee count) for each store.

A bar chart works for comparing
a numeric value across named categories.
Every pandas df has a
plot.box() method for creating box plots.

2026-09-21 16:56:22 | INFO | P05 | Chart saved successfully at docs\images\first-chart.png.
2026-09-21 16:56:22 | INFO | P05 | Chart saved sucessfulyl at docs\images\store-size-vs-sales.png.
2026-09-21 16:56:22 | INFO | P05 | Chart saved successfully at docs\images\employee-count-vs-sales.png.
2026-09-21 16:56:22 | INFO | P05 | -------------------------------
2026-09-21 16:56:22 | INFO | P05 | 07. SUMMARIZE what you found.
2026-09-21 16:56:22 | INFO | P05 | -------------------------------
2026-09-21 16:56:22 | INFO | P05 | CUSTOM OBSERVATIONS:
    The SQL query connected information from
    the regions, stores, and employees tables.

    The result has one row per store.

    I observed that changing the ORDER BY statement from DESC to ASC changed the order of the results from highest employee count first to lowest employee count first.

    Based on this result, I would next like to explore other ways to compare stores, regions, and employees.
    
2026-09-21 16:56:22 | INFO | P05 | -------------------------------
2026-09-21 16:56:22 | INFO | P05 | 08. DISPLAY the visualization.
2026-09-21 16:56:22 | INFO | P05 | -------------------------------
2026-09-21 16:56:22 | INFO | P05 | In a script, call plt.show() at the end to display all charts.
2026-09-21 16:56:22 | INFO | P05 | Close all chart windows (with the close button) to continue.
2026-09-21 16:56:32 | INFO | P05 | ===================================
2026-09-21 16:56:32 | INFO | P05 | END main() - Executed successfully!
2026-09-21 16:56:32 | INFO | P05 | ===================================
2026-09-21 16:57:55 | INFO | P05 | === RUN START ===
2026-09-21 16:57:55 | INFO | P05 | project=P05 - PYTHON AND SQL
2026-09-21 16:57:55 | INFO | P05 | repo_dir=datafun-05-sql
2026-09-21 16:57:55 | INFO | P05 | python=3.14.7
2026-09-21 16:57:55 | INFO | P05 | os=Windows 11
2026-09-21 16:57:55 | INFO | P05 | shell=powershell
2026-09-21 16:57:55 | INFO | P05 | cwd=.
2026-09-21 16:57:55 | INFO | P05 | github_actions=False
2026-09-21 16:57:55 | INFO | P05 | ===================================
2026-09-21 16:57:55 | INFO | P05 | START main()
2026-09-21 16:57:55 | INFO | P05 | ===================================
2026-09-21 16:57:55 | INFO | P05 | -------------------------------
2026-09-21 16:57:55 | INFO | P05 | 01. LOAD the related tables.
2026-09-21 16:57:55 | INFO | P05 | -------------------------------
2026-09-21 16:57:55 | INFO | P05 | regions file = data\retail\region.csv
2026-09-21 16:57:55 | INFO | P05 | stores file = data\retail\store.csv
2026-09-21 16:57:55 | INFO | P05 | employees file = data\retail\employee.csv
2026-09-21 16:57:55 | INFO | P05 | sales file = data\retail\sale.csv
2026-09-21 16:57:55 | INFO | P05 | Related tables loaded successfully.
2026-09-21 16:57:55 | INFO | P05 | -------------------------------
2026-09-21 16:57:55 | INFO | P05 | 02. INSPECT the grain and keys.
2026-09-21 16:57:55 | INFO | P05 | -------------------------------
2026-09-21 16:57:55 | INFO | P05 | Regions grain: one business region
2026-09-21 16:57:55 | INFO | P05 | Stores grain: one store
2026-09-21 16:57:55 | INFO | P05 | Employees grain: one employee
2026-09-21 16:57:55 | INFO | P05 | Sales grain: one sale
2026-09-21 16:57:55 | INFO | P05 | Regions columns: ['region_id', 'region_name']
2026-09-21 16:57:55 | INFO | P05 | Stores columns: ['store_id', 'store_name', 'region_id', 'store_type', 'square_feet']
2026-09-21 16:57:55 | INFO | P05 | Employees columns: ['employee_id', 'employee_name', 'store_id', 'role', 'years_employed']
2026-09-21 16:57:55 | INFO | P05 | Sales columns: ['sale_id', 'store_id', 'product_group', 'items_sold', 'sale_amount', 'payment_type']
2026-09-21 16:57:55 | INFO | P05 | 
The data is stored in four related tables.

One region can have many stores.
The stores table uses region_id to identify each store's region.

One store can have many employees.
The employees table uses store_id to identify each employee's store.

One store can have many sales.
The sales table uses store_id to identify each sale's store.

The shared keys connect information stored in different tables.

2026-09-21 16:57:55 | INFO | P05 | -------------------------------
2026-09-21 16:57:55 | INFO | P05 | 03. CREATE a SQLite database.
2026-09-21 16:57:55 | INFO | P05 | -------------------------------
2026-09-21 16:57:55 | INFO | P05 | SQLite database = data\retail\business.sqlite
2026-09-21 16:57:55 | INFO | P05 | SQLite database connection created.
2026-09-21 16:57:55 | INFO | P05 | -------------------------------
2026-09-21 16:57:55 | INFO | P05 | 04. LOAD the tables into SQLite.
2026-09-21 16:57:55 | INFO | P05 | -------------------------------
2026-09-21 16:57:55 | INFO | P05 | Related tables loaded into SQLite.
2026-09-21 16:57:55 | INFO | P05 | -------------------------------
2026-09-21 16:57:55 | INFO | P05 | 05. QUERY across related tables with SQL.
2026-09-21 16:57:55 | INFO | P05 | -------------------------------
2026-09-21 16:57:55 | INFO | P05 | 
I want to compare the number of employees working at each store.
The result should have one row per store.

The information I need requires all three tables:
 - region name is in regions,
 - store name is in stores,
 - employee info is in employees.

2026-09-21 16:57:55 | INFO | P05 | 
SQL query:

SELECT
    r.region_name,
    s.store_name,
    COUNT(e.employee_id) AS employee_count
FROM regions AS r
JOIN stores AS s
    ON r.region_id = s.region_id
LEFT JOIN employees AS e
    ON s.store_id = e.store_id
GROUP BY
    r.region_name,
    s.store_name
ORDER BY
    employee_count ASC;

2026-09-21 16:57:55 | INFO | P05 | 
Query result:
   region_name        store_name  employee_count
0        South    Bayou Crossing               5
1         East     Pine Crossing               6
2         West    Desert Springs               7
3      Central      River Market               8
4        North       Cedar Plaza               9
5      Central  Lakeside Commons              10
6        South   Magnolia Market              10
7         East      Harbor Point              11
8        North         Northgate              12
9      Central    Prairie Center              13
10        West     Canyon Center              13
11       South   Sunrise Commons              14
12        East      Maple Square              15
13       South  Peachtree Center              17
14        West     Coastal Plaza              18
2026-09-21 16:57:55 | INFO | P05 | 
Sales by store: 
region_name       store_name  total_sales
       East     Harbor Point      2388.35
      North        Northgate      2284.10
    Central     River Market      2243.46
       West    Coastal Plaza      2131.11
    Central   Prairie Center      2074.11
      South  Magnolia Market      1998.44
       West    Canyon Center      1665.94
       East     Maple Square      1633.93
      South Peachtree Center      1584.73
       West   Desert Springs      1572.68
    Central Lakeside Commons      1541.37
       East    Pine Crossing      1182.72
      North      Cedar Plaza      1163.52
      South  Sunrise Commons       977.72
      South   Bayou Crossing       786.96
2026-09-21 16:57:55 | INFO | P05 | 
Sales by region:
region_name  total_sales
    Central      5858.94
       West      5369.73
      South      5347.85
       East      5205.00
      North      3447.62
2026-09-21 16:57:55 | INFO | P05 | 
Sales by store type:
store_type  total_sales
  Suburban     11106.49
     Urban     10580.29
Small Town      3542.36
2026-09-21 16:57:55 | INFO | P05 | 
Sales by square feet:
      store_name  square_feet  total_sales
   Pine Crossing        14500      1182.72
  Bayou Crossing        15000       786.96
  Desert Springs        16000      1572.68
    River Market        18000      2243.46
    Harbor Point        19500      2388.35
 Magnolia Market        20500      1998.44
       Northgate        21000      2284.10
Lakeside Commons        22000      1541.37
   Canyon Center        22500      1665.94
     Cedar Plaza        23500      1163.52
  Prairie Center        24500      2074.11
 Sunrise Commons        25000       977.72
    Maple Square        26000      1633.93
Peachtree Center        27500      1584.73
   Coastal Plaza        28000      2131.11
2026-09-21 16:57:55 | INFO | P05 | Correlation between store size and total sales: 0.185
2026-09-21 16:57:55 | INFO | P05 | 
Sales per employee:
      store_name  employee_count  total_sales  sales_per_employee
    River Market               8      2243.46              280.43
  Desert Springs               7      1572.68              224.67
    Harbor Point              11      2388.35              217.12
 Magnolia Market              10      1998.44              199.84
   Pine Crossing               6      1182.72              197.12
       Northgate              12      2284.10              190.34
  Prairie Center              13      2074.11              159.55
  Bayou Crossing               5       786.96              157.39
Lakeside Commons              10      1541.37              154.14
     Cedar Plaza               9      1163.52              129.28
   Canyon Center              13      1665.94              128.15
   Coastal Plaza              18      2131.11              118.40
    Maple Square              15      1633.93              108.93
Peachtree Center              17      1584.73               93.22
 Sunrise Commons              14       977.72               69.84
2026-09-21 16:57:55 | INFO | P05 | Correlation between employee count and total sales: 0.335
2026-09-21 16:57:55 | INFO | P05 | -------------------------------
2026-09-21 16:57:55 | INFO | P05 | 06. VISUALIZE the query result with Python.
2026-09-21 16:57:55 | INFO | P05 | -------------------------------
2026-09-21 16:57:55 | INFO | P05 | 
The query result has one numeric value
(employee count) for each store.

A bar chart works for comparing
a numeric value across named categories.
Every pandas df has a
plot.box() method for creating box plots.

2026-09-21 16:57:56 | INFO | P05 | Chart saved sucessfulyl at docs\images\store-size-vs-sales.png.
2026-09-21 16:57:56 | INFO | P05 | Chart saved successfully at docs\images\employee-count-vs-sales.png.
2026-09-21 16:57:56 | INFO | P05 | -------------------------------
2026-09-21 16:57:56 | INFO | P05 | 07. SUMMARIZE what you found.
2026-09-21 16:57:56 | INFO | P05 | -------------------------------
2026-09-21 16:57:56 | INFO | P05 | CUSTOM OBSERVATIONS:
    The SQL query connected information from
    the regions, stores, and employees tables.

    The result has one row per store.

    I observed that changing the ORDER BY statement from DESC to ASC changed the order of the results from highest employee count first to lowest employee count first.

    Based on this result, I would next like to explore other ways to compare stores, regions, and employees.
    
2026-09-21 16:57:56 | INFO | P05 | -------------------------------
2026-09-21 16:57:56 | INFO | P05 | 08. DISPLAY the visualization.
2026-09-21 16:57:56 | INFO | P05 | -------------------------------
2026-09-21 16:57:56 | INFO | P05 | In a script, call plt.show() at the end to display all charts.
2026-09-21 16:57:56 | INFO | P05 | Close all chart windows (with the close button) to continue.
2026-09-21 16:57:58 | INFO | P05 | ===================================
2026-09-21 16:57:58 | INFO | P05 | END main() - Executed successfully!
2026-09-21 16:57:58 | INFO | P05 | ===================================
2026-09-23 09:54:46 | INFO | P05 | === RUN START ===
2026-09-23 09:54:46 | INFO | P05 | project=P05 - PYTHON AND SQL
2026-09-23 09:54:46 | INFO | P05 | repo_dir=datafun-05-sql
2026-09-23 09:54:46 | INFO | P05 | python=3.14.7
2026-09-23 09:54:46 | INFO | P05 | os=Windows 11
2026-09-23 09:54:46 | INFO | P05 | shell=powershell
2026-09-23 09:54:46 | INFO | P05 | cwd=.
2026-09-23 09:54:46 | INFO | P05 | github_actions=False
2026-09-23 09:54:46 | INFO | P05 | ===================================
2026-09-23 09:54:46 | INFO | P05 | START main()
2026-09-23 09:54:46 | INFO | P05 | ===================================
2026-09-23 09:54:46 | INFO | P05 | -------------------------------
2026-09-23 09:54:46 | INFO | P05 | 01. LOAD the related tables.
2026-09-23 09:54:46 | INFO | P05 | -------------------------------
2026-09-23 09:54:46 | INFO | P05 | regions file = data\retail\region.csv
2026-09-23 09:54:46 | INFO | P05 | stores file = data\retail\store.csv
2026-09-23 09:54:46 | INFO | P05 | employees file = data\retail\employee.csv
2026-09-23 09:54:46 | INFO | P05 | sales file = data\retail\sale.csv
2026-09-23 09:54:46 | INFO | P05 | Related tables loaded successfully.
2026-09-23 09:54:46 | INFO | P05 | -------------------------------
2026-09-23 09:54:46 | INFO | P05 | 02. INSPECT the grain and keys.
2026-09-23 09:54:46 | INFO | P05 | -------------------------------
2026-09-23 09:54:46 | INFO | P05 | Regions grain: one business region
2026-09-23 09:54:46 | INFO | P05 | Stores grain: one store
2026-09-23 09:54:46 | INFO | P05 | Employees grain: one employee
2026-09-23 09:54:46 | INFO | P05 | Sales grain: one sale
2026-09-23 09:54:46 | INFO | P05 | Regions columns: ['region_id', 'region_name']
2026-09-23 09:54:46 | INFO | P05 | Stores columns: ['store_id', 'store_name', 'region_id', 'store_type', 'square_feet']
2026-09-23 09:54:46 | INFO | P05 | Employees columns: ['employee_id', 'employee_name', 'store_id', 'role', 'years_employed']
2026-09-23 09:54:46 | INFO | P05 | Sales columns: ['sale_id', 'store_id', 'product_group', 'items_sold', 'sale_amount', 'payment_type']
2026-09-23 09:54:46 | INFO | P05 | 
The data is stored in four related tables.

One region can have many stores.
The stores table uses region_id to identify each store's region.

One store can have many employees.
The employees table uses store_id to identify each employee's store.

One store can have many sales.
The sales table uses store_id to identify each sale's store.

The shared keys connect information stored in different tables.

2026-09-23 09:54:46 | INFO | P05 | -------------------------------
2026-09-23 09:54:46 | INFO | P05 | 03. CREATE a SQLite database.
2026-09-23 09:54:46 | INFO | P05 | -------------------------------
2026-09-23 09:54:46 | INFO | P05 | SQLite database = data\retail\business.sqlite
2026-09-23 09:54:46 | INFO | P05 | SQLite database connection created.
2026-09-23 09:54:46 | INFO | P05 | -------------------------------
2026-09-23 09:54:46 | INFO | P05 | 04. LOAD the tables into SQLite.
2026-09-23 09:54:46 | INFO | P05 | -------------------------------
2026-09-23 09:54:46 | INFO | P05 | Related tables loaded into SQLite.
2026-09-23 09:54:46 | INFO | P05 | -------------------------------
2026-09-23 09:54:46 | INFO | P05 | 05. QUERY across related tables with SQL.
2026-09-23 09:54:46 | INFO | P05 | -------------------------------
2026-09-23 09:54:46 | INFO | P05 | 
I want to explore factors that may be related to store sales performance.

I will compare total sales across stores and examine whether store size or employee count has a relationship with total sales. I will also compare sales per employee to account for differences in staffing between stores.

The analysis uses related information from the stores, employees, and sales tables. The shared store_id connects the tables.

2026-09-23 09:54:46 | INFO | P05 | 
SQL query:

SELECT
    r.region_name,
    s.store_name,
    COUNT(e.employee_id) AS employee_count
FROM regions AS r
JOIN stores AS s
    ON r.region_id = s.region_id
LEFT JOIN employees AS e
    ON s.store_id = e.store_id
GROUP BY
    r.region_name,
    s.store_name
ORDER BY
    employee_count ASC;

2026-09-23 09:54:46 | INFO | P05 | 
Query result:
   region_name        store_name  employee_count
0        South    Bayou Crossing               5
1         East     Pine Crossing               6
2         West    Desert Springs               7
3      Central      River Market               8
4        North       Cedar Plaza               9
5      Central  Lakeside Commons              10
6        South   Magnolia Market              10
7         East      Harbor Point              11
8        North         Northgate              12
9      Central    Prairie Center              13
10        West     Canyon Center              13
11       South   Sunrise Commons              14
12        East      Maple Square              15
13       South  Peachtree Center              17
14        West     Coastal Plaza              18
2026-09-23 09:54:46 | INFO | P05 | 
Sales by store: 
region_name       store_name  total_sales
       East     Harbor Point      2388.35
      North        Northgate      2284.10
    Central     River Market      2243.46
       West    Coastal Plaza      2131.11
    Central   Prairie Center      2074.11
      South  Magnolia Market      1998.44
       West    Canyon Center      1665.94
       East     Maple Square      1633.93
      South Peachtree Center      1584.73
       West   Desert Springs      1572.68
    Central Lakeside Commons      1541.37
       East    Pine Crossing      1182.72
      North      Cedar Plaza      1163.52
      South  Sunrise Commons       977.72
      South   Bayou Crossing       786.96
2026-09-23 09:54:46 | INFO | P05 | 
Sales by region:
region_name  total_sales
    Central      5858.94
       West      5369.73
      South      5347.85
       East      5205.00
      North      3447.62
2026-09-23 09:54:46 | INFO | P05 | 
Sales by store type:
store_type  total_sales
  Suburban     11106.49
     Urban     10580.29
Small Town      3542.36
2026-09-23 09:54:46 | INFO | P05 | 
Sales by square feet:
      store_name  square_feet  total_sales
   Pine Crossing        14500      1182.72
  Bayou Crossing        15000       786.96
  Desert Springs        16000      1572.68
    River Market        18000      2243.46
    Harbor Point        19500      2388.35
 Magnolia Market        20500      1998.44
       Northgate        21000      2284.10
Lakeside Commons        22000      1541.37
   Canyon Center        22500      1665.94
     Cedar Plaza        23500      1163.52
  Prairie Center        24500      2074.11
 Sunrise Commons        25000       977.72
    Maple Square        26000      1633.93
Peachtree Center        27500      1584.73
   Coastal Plaza        28000      2131.11
2026-09-23 09:54:46 | INFO | P05 | Correlation between store size and total sales: 0.185
2026-09-23 09:54:46 | INFO | P05 | 
Sales per employee:
      store_name  employee_count  total_sales  sales_per_employee
    River Market               8      2243.46              280.43
  Desert Springs               7      1572.68              224.67
    Harbor Point              11      2388.35              217.12
 Magnolia Market              10      1998.44              199.84
   Pine Crossing               6      1182.72              197.12
       Northgate              12      2284.10              190.34
  Prairie Center              13      2074.11              159.55
  Bayou Crossing               5       786.96              157.39
Lakeside Commons              10      1541.37              154.14
     Cedar Plaza               9      1163.52              129.28
   Canyon Center              13      1665.94              128.15
   Coastal Plaza              18      2131.11              118.40
    Maple Square              15      1633.93              108.93
Peachtree Center              17      1584.73               93.22
 Sunrise Commons              14       977.72               69.84
2026-09-23 09:54:46 | INFO | P05 | Correlation between employee count and total sales: 0.335
2026-09-23 09:54:46 | INFO | P05 | -------------------------------
2026-09-23 09:54:46 | INFO | P05 | 06. VISUALIZE the query result with Python.
2026-09-23 09:54:46 | INFO | P05 | -------------------------------
2026-09-23 09:54:46 | INFO | P05 | 
I chose scatter plots to compare store size and employee count with total sales.

Scatterplots are useful for comparing two numerical variables and make it easier to see whether there appears to be a relationship between them.

I will compare store size with total sales and employee count with total sales. I will also calculate the correlation coefficient for each relationship.

2026-09-23 09:54:46 | INFO | P05 | Chart saved sucessfulyl at docs\images\store-size-vs-sales.png.
2026-09-23 09:54:47 | INFO | P05 | Chart saved successfully at docs\images\employee-count-vs-sales.png.
2026-09-23 09:54:47 | INFO | P05 | -------------------------------
2026-09-23 09:54:47 | INFO | P05 | 07. SUMMARIZE what you found.
2026-09-23 09:54:47 | INFO | P05 | -------------------------------
2026-09-23 09:54:47 | INFO | P05 | CUSTOM OBSERVATIONS:
    Total sales varied across the stores in the dataset.

    The correlation between store size and total sales was 0.185, whcih indicates a weak positive relationship. Larger stores did not necessarily have higher total sales.

    The correlation between employee count and total sales was 0.335. This was also a wek positive relationship, although it was stronger than the relationship between store size and total sales.

    Sales per employee also varied across stores. The stores with the highest total sales were not always the stores with the highest sales per employee.
    
2026-09-23 09:54:47 | INFO | P05 | -------------------------------
2026-09-23 09:54:47 | INFO | P05 | 08. DISPLAY the visualization.
2026-09-23 09:54:47 | INFO | P05 | -------------------------------
2026-09-23 09:54:47 | INFO | P05 | In a script, call plt.show() at the end to display all charts.
2026-09-23 09:54:47 | INFO | P05 | Close all chart windows (with the close button) to continue.
2026-09-23 09:54:49 | INFO | P05 | ===================================
2026-09-23 09:54:49 | INFO | P05 | END main() - Executed successfully!
2026-09-23 09:54:49 | INFO | P05 | ===================================
2026-09-23 09:57:32 | INFO | P05 | === RUN START ===
2026-09-23 09:57:32 | INFO | P05 | project=P05 - PYTHON AND SQL
2026-09-23 09:57:32 | INFO | P05 | repo_dir=datafun-05-sql
2026-09-23 09:57:32 | INFO | P05 | python=3.14.7
2026-09-23 09:57:32 | INFO | P05 | os=Windows 11
2026-09-23 09:57:32 | INFO | P05 | shell=powershell
2026-09-23 09:57:32 | INFO | P05 | cwd=.
2026-09-23 09:57:32 | INFO | P05 | github_actions=False
2026-09-23 09:57:32 | INFO | P05 | ===================================
2026-09-23 09:57:32 | INFO | P05 | START main()
2026-09-23 09:57:32 | INFO | P05 | ===================================
2026-09-23 09:57:32 | INFO | P05 | -------------------------------
2026-09-23 09:57:32 | INFO | P05 | 01. LOAD the related tables.
2026-09-23 09:57:32 | INFO | P05 | -------------------------------
2026-09-23 09:57:32 | INFO | P05 | regions file = data\retail\region.csv
2026-09-23 09:57:32 | INFO | P05 | stores file = data\retail\store.csv
2026-09-23 09:57:32 | INFO | P05 | employees file = data\retail\employee.csv
2026-09-23 09:57:32 | INFO | P05 | sales file = data\retail\sale.csv
2026-09-23 09:57:32 | INFO | P05 | Related tables loaded successfully.
2026-09-23 09:57:32 | INFO | P05 | -------------------------------
2026-09-23 09:57:32 | INFO | P05 | 02. INSPECT the grain and keys.
2026-09-23 09:57:32 | INFO | P05 | -------------------------------
2026-09-23 09:57:32 | INFO | P05 | Regions grain: one business region
2026-09-23 09:57:32 | INFO | P05 | Stores grain: one store
2026-09-23 09:57:32 | INFO | P05 | Employees grain: one employee
2026-09-23 09:57:32 | INFO | P05 | Sales grain: one sale
2026-09-23 09:57:32 | INFO | P05 | Regions columns: ['region_id', 'region_name']
2026-09-23 09:57:32 | INFO | P05 | Stores columns: ['store_id', 'store_name', 'region_id', 'store_type', 'square_feet']
2026-09-23 09:57:32 | INFO | P05 | Employees columns: ['employee_id', 'employee_name', 'store_id', 'role', 'years_employed']
2026-09-23 09:57:32 | INFO | P05 | Sales columns: ['sale_id', 'store_id', 'product_group', 'items_sold', 'sale_amount', 'payment_type']
2026-09-23 09:57:32 | INFO | P05 | 
The data is stored in four related tables.

One region can have many stores.
The stores table uses region_id to identify each store's region.

One store can have many employees.
The employees table uses store_id to identify each employee's store.

One store can have many sales.
The sales table uses store_id to identify each sale's store.

The shared keys connect information stored in different tables.

2026-09-23 09:57:32 | INFO | P05 | -------------------------------
2026-09-23 09:57:32 | INFO | P05 | 03. CREATE a SQLite database.
2026-09-23 09:57:32 | INFO | P05 | -------------------------------
2026-09-23 09:57:32 | INFO | P05 | SQLite database = data\retail\business.sqlite
2026-09-23 09:57:32 | INFO | P05 | SQLite database connection created.
2026-09-23 09:57:32 | INFO | P05 | -------------------------------
2026-09-23 09:57:32 | INFO | P05 | 04. LOAD the tables into SQLite.
2026-09-23 09:57:32 | INFO | P05 | -------------------------------
2026-09-23 09:57:32 | INFO | P05 | Related tables loaded into SQLite.
2026-09-23 09:57:32 | INFO | P05 | -------------------------------
2026-09-23 09:57:32 | INFO | P05 | 05. QUERY across related tables with SQL.
2026-09-23 09:57:32 | INFO | P05 | -------------------------------
2026-09-23 09:57:32 | INFO | P05 | 
I want to explore factors that may be related to store sales performance.

I will compare total sales across stores and examine whether store size or employee count has a relationship with total sales. I will also compare sales per employee to account for differences in staffing between stores.

The analysis uses related information from the stores, employees, and sales tables. The shared store_id connects the tables.

2026-09-23 09:57:32 | INFO | P05 | 
Sales by store: 
region_name       store_name  total_sales
       East     Harbor Point      2388.35
      North        Northgate      2284.10
    Central     River Market      2243.46
       West    Coastal Plaza      2131.11
    Central   Prairie Center      2074.11
      South  Magnolia Market      1998.44
       West    Canyon Center      1665.94
       East     Maple Square      1633.93
      South Peachtree Center      1584.73
       West   Desert Springs      1572.68
    Central Lakeside Commons      1541.37
       East    Pine Crossing      1182.72
      North      Cedar Plaza      1163.52
      South  Sunrise Commons       977.72
      South   Bayou Crossing       786.96
2026-09-23 09:57:32 | INFO | P05 | 
Sales by region:
region_name  total_sales
    Central      5858.94
       West      5369.73
      South      5347.85
       East      5205.00
      North      3447.62
2026-09-23 09:57:32 | INFO | P05 | 
Sales by store type:
store_type  total_sales
  Suburban     11106.49
     Urban     10580.29
Small Town      3542.36
2026-09-23 09:57:32 | INFO | P05 | 
Sales by square feet:
      store_name  square_feet  total_sales
   Pine Crossing        14500      1182.72
  Bayou Crossing        15000       786.96
  Desert Springs        16000      1572.68
    River Market        18000      2243.46
    Harbor Point        19500      2388.35
 Magnolia Market        20500      1998.44
       Northgate        21000      2284.10
Lakeside Commons        22000      1541.37
   Canyon Center        22500      1665.94
     Cedar Plaza        23500      1163.52
  Prairie Center        24500      2074.11
 Sunrise Commons        25000       977.72
    Maple Square        26000      1633.93
Peachtree Center        27500      1584.73
   Coastal Plaza        28000      2131.11
2026-09-23 09:57:32 | INFO | P05 | Correlation between store size and total sales: 0.185
2026-09-23 09:57:32 | INFO | P05 | 
Sales per employee:
      store_name  employee_count  total_sales  sales_per_employee
    River Market               8      2243.46              280.43
  Desert Springs               7      1572.68              224.67
    Harbor Point              11      2388.35              217.12
 Magnolia Market              10      1998.44              199.84
   Pine Crossing               6      1182.72              197.12
       Northgate              12      2284.10              190.34
  Prairie Center              13      2074.11              159.55
  Bayou Crossing               5       786.96              157.39
Lakeside Commons              10      1541.37              154.14
     Cedar Plaza               9      1163.52              129.28
   Canyon Center              13      1665.94              128.15
   Coastal Plaza              18      2131.11              118.40
    Maple Square              15      1633.93              108.93
Peachtree Center              17      1584.73               93.22
 Sunrise Commons              14       977.72               69.84
2026-09-23 09:57:32 | INFO | P05 | Correlation between employee count and total sales: 0.335
2026-09-23 09:57:32 | INFO | P05 | -------------------------------
2026-09-23 09:57:32 | INFO | P05 | 06. VISUALIZE the query result with Python.
2026-09-23 09:57:32 | INFO | P05 | -------------------------------
2026-09-23 09:57:32 | INFO | P05 | 
I chose scatter plots to compare store size and employee count with total sales.

Scatterplots are useful for comparing two numerical variables and make it easier to see whether there appears to be a relationship between them.

I will compare store size with total sales and employee count with total sales. I will also calculate the correlation coefficient for each relationship.

2026-09-23 09:57:33 | INFO | P05 | Chart saved sucessfulyl at docs\images\store-size-vs-sales.png.
2026-09-23 09:57:33 | INFO | P05 | Chart saved successfully at docs\images\employee-count-vs-sales.png.
2026-09-23 09:57:33 | INFO | P05 | -------------------------------
2026-09-23 09:57:33 | INFO | P05 | 07. SUMMARIZE what you found.
2026-09-23 09:57:33 | INFO | P05 | -------------------------------
2026-09-23 09:57:33 | INFO | P05 | CUSTOM OBSERVATIONS:
    Total sales varied across the stores in the dataset.

    The correlation between store size and total sales was 0.185, whcih indicates a weak positive relationship. Larger stores did not necessarily have higher total sales.

    The correlation between employee count and total sales was 0.335. This was also a wek positive relationship, although it was stronger than the relationship between store size and total sales.

    Sales per employee also varied across stores. The stores with the highest total sales were not always the stores with the highest sales per employee.
    
2026-09-23 09:57:33 | INFO | P05 | -------------------------------
2026-09-23 09:57:33 | INFO | P05 | 08. DISPLAY the visualization.
2026-09-23 09:57:33 | INFO | P05 | -------------------------------
2026-09-23 09:57:33 | INFO | P05 | In a script, call plt.show() at the end to display all charts.
2026-09-23 09:57:33 | INFO | P05 | Close all chart windows (with the close button) to continue.
2026-09-23 09:57:37 | INFO | P05 | ===================================
2026-09-23 09:57:37 | INFO | P05 | END main() - Executed successfully!
2026-09-23 09:57:37 | INFO | P05 | ===================================
2026-09-23 10:12:19 | INFO | P05 | === RUN START ===
2026-09-23 10:12:19 | INFO | P05 | project=P05 - PYTHON AND SQL
2026-09-23 10:12:19 | INFO | P05 | repo_dir=datafun-05-sql
2026-09-23 10:12:19 | INFO | P05 | python=3.14.7
2026-09-23 10:12:19 | INFO | P05 | os=Windows 11
2026-09-23 10:12:19 | INFO | P05 | shell=powershell
2026-09-23 10:12:19 | INFO | P05 | cwd=.
2026-09-23 10:12:19 | INFO | P05 | github_actions=False
2026-09-23 10:12:19 | INFO | P05 | ===================================
2026-09-23 10:12:19 | INFO | P05 | START main()
2026-09-23 10:12:19 | INFO | P05 | ===================================
2026-09-23 10:12:19 | INFO | P05 | -------------------------------
2026-09-23 10:12:19 | INFO | P05 | 01. LOAD the related tables.
2026-09-23 10:12:19 | INFO | P05 | -------------------------------
2026-09-23 10:12:19 | INFO | P05 | regions file = data\retail\region.csv
2026-09-23 10:12:19 | INFO | P05 | stores file = data\retail\store.csv
2026-09-23 10:12:19 | INFO | P05 | employees file = data\retail\employee.csv
2026-09-23 10:12:19 | INFO | P05 | sales file = data\retail\sale.csv
2026-09-23 10:12:19 | INFO | P05 | Related tables loaded successfully.
2026-09-23 10:12:19 | INFO | P05 | -------------------------------
2026-09-23 10:12:19 | INFO | P05 | 02. INSPECT the grain and keys.
2026-09-23 10:12:19 | INFO | P05 | -------------------------------
2026-09-23 10:12:19 | INFO | P05 | Regions grain: one business region
2026-09-23 10:12:19 | INFO | P05 | Stores grain: one store
2026-09-23 10:12:19 | INFO | P05 | Employees grain: one employee
2026-09-23 10:12:19 | INFO | P05 | Sales grain: one sale
2026-09-23 10:12:19 | INFO | P05 | Regions columns: ['region_id', 'region_name']
2026-09-23 10:12:19 | INFO | P05 | Stores columns: ['store_id', 'store_name', 'region_id', 'store_type', 'square_feet']
2026-09-23 10:12:19 | INFO | P05 | Employees columns: ['employee_id', 'employee_name', 'store_id', 'role', 'years_employed']
2026-09-23 10:12:19 | INFO | P05 | Sales columns: ['sale_id', 'store_id', 'product_group', 'items_sold', 'sale_amount', 'payment_type']
2026-09-23 10:12:19 | INFO | P05 | 
The data is stored in four related tables.

One region can have many stores.
The stores table uses region_id to identify each store's region.

One store can have many employees.
The employees table uses store_id to identify each employee's store.

One store can have many sales.
The sales table uses store_id to identify each sale's store.

The shared keys connect information stored in different tables.

2026-09-23 10:12:19 | INFO | P05 | -------------------------------
2026-09-23 10:12:19 | INFO | P05 | 03. CREATE a SQLite database.
2026-09-23 10:12:19 | INFO | P05 | -------------------------------
2026-09-23 10:12:19 | INFO | P05 | SQLite database = data\retail\business.sqlite
2026-09-23 10:12:19 | INFO | P05 | SQLite database connection created.
2026-09-23 10:12:19 | INFO | P05 | -------------------------------
2026-09-23 10:12:19 | INFO | P05 | 04. LOAD the tables into SQLite.
2026-09-23 10:12:19 | INFO | P05 | -------------------------------
2026-09-23 10:12:19 | INFO | P05 | Related tables loaded into SQLite.
2026-09-23 10:12:19 | INFO | P05 | -------------------------------
2026-09-23 10:12:19 | INFO | P05 | 05. QUERY across related tables with SQL.
2026-09-23 10:12:19 | INFO | P05 | -------------------------------
2026-09-23 10:12:19 | INFO | P05 | 
I want to explore factors that may be related to store sales performance.

I will compare total sales across stores and examine whether store size or employee count has a relationship with total sales. I will also compare sales per employee to account for differences in staffing between stores.

The analysis uses related information from the stores, employees, and sales tables. The shared store_id connects the tables.

2026-09-23 10:12:19 | INFO | P05 | 
Sales by store: 
region_name       store_name  total_sales
       East     Harbor Point      2388.35
      North        Northgate      2284.10
    Central     River Market      2243.46
       West    Coastal Plaza      2131.11
    Central   Prairie Center      2074.11
      South  Magnolia Market      1998.44
       West    Canyon Center      1665.94
       East     Maple Square      1633.93
      South Peachtree Center      1584.73
       West   Desert Springs      1572.68
    Central Lakeside Commons      1541.37
       East    Pine Crossing      1182.72
      North      Cedar Plaza      1163.52
      South  Sunrise Commons       977.72
      South   Bayou Crossing       786.96
2026-09-23 10:12:19 | INFO | P05 | 
Sales by region:
region_name  total_sales
    Central      5858.94
       West      5369.73
      South      5347.85
       East      5205.00
      North      3447.62
2026-09-23 10:12:19 | INFO | P05 | 
Sales by store type:
store_type  total_sales
  Suburban     11106.49
     Urban     10580.29
Small Town      3542.36
2026-09-23 10:12:19 | INFO | P05 | 
Sales by square feet:
      store_name  square_feet  total_sales
   Pine Crossing        14500      1182.72
  Bayou Crossing        15000       786.96
  Desert Springs        16000      1572.68
    River Market        18000      2243.46
    Harbor Point        19500      2388.35
 Magnolia Market        20500      1998.44
       Northgate        21000      2284.10
Lakeside Commons        22000      1541.37
   Canyon Center        22500      1665.94
     Cedar Plaza        23500      1163.52
  Prairie Center        24500      2074.11
 Sunrise Commons        25000       977.72
    Maple Square        26000      1633.93
Peachtree Center        27500      1584.73
   Coastal Plaza        28000      2131.11
2026-09-23 10:12:19 | INFO | P05 | Correlation between store size and total sales: 0.185
2026-09-23 10:12:19 | INFO | P05 | 
Sales per employee:
      store_name  employee_count  total_sales  sales_per_employee
    River Market               8      2243.46              280.43
  Desert Springs               7      1572.68              224.67
    Harbor Point              11      2388.35              217.12
 Magnolia Market              10      1998.44              199.84
   Pine Crossing               6      1182.72              197.12
       Northgate              12      2284.10              190.34
  Prairie Center              13      2074.11              159.55
  Bayou Crossing               5       786.96              157.39
Lakeside Commons              10      1541.37              154.14
     Cedar Plaza               9      1163.52              129.28
   Canyon Center              13      1665.94              128.15
   Coastal Plaza              18      2131.11              118.40
    Maple Square              15      1633.93              108.93
Peachtree Center              17      1584.73               93.22
 Sunrise Commons              14       977.72               69.84
2026-09-23 10:12:19 | INFO | P05 | Correlation between employee count and total sales: 0.335
2026-09-23 10:12:19 | INFO | P05 | -------------------------------
2026-09-23 10:12:19 | INFO | P05 | 06. VISUALIZE the query result with Python.
2026-09-23 10:12:19 | INFO | P05 | -------------------------------
2026-09-23 10:12:19 | INFO | P05 | 
I chose scatter plots to compare store size and employee count with total sales.

Scatterplots are useful for comparing two numerical variables and make it easier to see whether there appears to be a relationship between them.

I will compare store size with total sales and employee count with total sales. I will also calculate the correlation coefficient for each relationship.

2026-09-23 10:12:19 | INFO | P05 | Chart saved sucessfully at docs\images\store-size-vs-sales.png.
2026-09-23 10:12:19 | INFO | P05 | Chart saved successfully at docs\images\employee-count-vs-sales.png.
2026-09-23 10:12:19 | INFO | P05 | -------------------------------
2026-09-23 10:12:19 | INFO | P05 | 07. SUMMARIZE what you found.
2026-09-23 10:12:19 | INFO | P05 | -------------------------------
2026-09-23 10:12:19 | INFO | P05 | CUSTOM OBSERVATIONS:
    Total sales varied across the stores in the dataset.

    The correlation between store size and total sales was 0.185, which indicates a weak positive relationship. Larger stores did not necessarily have higher total sales.

    The correlation between employee count and total sales was 0.335. This was also a weak positive relationship, although it was stronger than the relationship between store size and total sales.

    Sales per employee also varied across stores. The stores with the highest total sales were not always the stores with the highest sales per employee.
    
2026-09-23 10:12:19 | INFO | P05 | -------------------------------
2026-09-23 10:12:19 | INFO | P05 | 08. DISPLAY the visualization.
2026-09-23 10:12:19 | INFO | P05 | -------------------------------
2026-09-23 10:12:19 | INFO | P05 | In a script, call plt.show() at the end to display all charts.
2026-09-23 10:12:19 | INFO | P05 | Close all chart windows (with the close button) to continue.
2026-09-23 10:12:19 | INFO | P05 | ===================================
2026-09-23 10:12:19 | INFO | P05 | END main() - Executed successfully!
2026-09-23 10:12:19 | INFO | P05 | ===================================
2026-09-23 11:44:07 | INFO | P05 | === RUN START ===
2026-09-23 11:44:07 | INFO | P05 | project=P05 - PYTHON AND SQL
2026-09-23 11:44:07 | INFO | P05 | repo_dir=datafun-05-sql
2026-09-23 11:44:07 | INFO | P05 | python=3.14.7
2026-09-23 11:44:07 | INFO | P05 | os=Windows 11
2026-09-23 11:44:07 | INFO | P05 | shell=powershell
2026-09-23 11:44:07 | INFO | P05 | cwd=.
2026-09-23 11:44:07 | INFO | P05 | github_actions=False
2026-09-23 11:44:07 | INFO | P05 | ===================================
2026-09-23 11:44:07 | INFO | P05 | START main()
2026-09-23 11:44:07 | INFO | P05 | ===================================
2026-09-23 11:44:07 | INFO | P05 | -------------------------------
2026-09-23 11:44:07 | INFO | P05 | 01. LOAD the related tables.
2026-09-23 11:44:07 | INFO | P05 | -------------------------------
2026-09-23 11:44:07 | INFO | P05 | regions file = data\retail\region.csv
2026-09-23 11:44:07 | INFO | P05 | stores file = data\retail\store.csv
2026-09-23 11:44:07 | INFO | P05 | employees file = data\retail\employee.csv
2026-09-23 11:44:07 | INFO | P05 | sales file = data\retail\sale.csv
2026-09-23 11:44:07 | INFO | P05 | Related tables loaded successfully.
2026-09-23 11:44:07 | INFO | P05 | -------------------------------
2026-09-23 11:44:07 | INFO | P05 | 02. INSPECT the grain and keys.
2026-09-23 11:44:07 | INFO | P05 | -------------------------------
2026-09-23 11:44:07 | INFO | P05 | Regions grain: one business region
2026-09-23 11:44:07 | INFO | P05 | Stores grain: one store
2026-09-23 11:44:07 | INFO | P05 | Employees grain: one employee
2026-09-23 11:44:07 | INFO | P05 | Sales grain: one sale
2026-09-23 11:44:07 | INFO | P05 | Regions columns: ['region_id', 'region_name']
2026-09-23 11:44:07 | INFO | P05 | Stores columns: ['store_id', 'store_name', 'region_id', 'store_type', 'square_feet']
2026-09-23 11:44:07 | INFO | P05 | Employees columns: ['employee_id', 'employee_name', 'store_id', 'role', 'years_employed']
2026-09-23 11:44:07 | INFO | P05 | Sales columns: ['sale_id', 'store_id', 'product_group', 'items_sold', 'sale_amount', 'payment_type']
2026-09-23 11:44:07 | INFO | P05 | 
The data is stored in four related tables.

One region can have many stores.
The stores table uses region_id to identify each store's region.

One store can have many employees.
The employees table uses store_id to identify each employee's store.

One store can have many sales.
The sales table uses store_id to identify each sale's store.

The shared keys connect information stored in different tables.

2026-09-23 11:44:07 | INFO | P05 | -------------------------------
2026-09-23 11:44:07 | INFO | P05 | 03. CREATE a SQLite database.
2026-09-23 11:44:07 | INFO | P05 | -------------------------------
2026-09-23 11:44:07 | INFO | P05 | SQLite database = data\retail\business.sqlite
2026-09-23 11:44:07 | INFO | P05 | SQLite database connection created.
2026-09-23 11:44:07 | INFO | P05 | -------------------------------
2026-09-23 11:44:07 | INFO | P05 | 04. LOAD the tables into SQLite.
2026-09-23 11:44:07 | INFO | P05 | -------------------------------
2026-09-23 11:44:07 | INFO | P05 | Related tables loaded into SQLite.
2026-09-23 11:44:07 | INFO | P05 | -------------------------------
2026-09-23 11:44:07 | INFO | P05 | 05. QUERY across related tables with SQL.
2026-09-23 11:44:07 | INFO | P05 | -------------------------------
2026-09-23 11:44:07 | INFO | P05 | 
I want to explore factors that may be related to store sales performance.

I will compare total sales across stores and examine whether store size or employee count has a relationship with total sales. I will also compare sales per employee to account for differences in staffing between stores.

The analysis uses related information from the stores, employees, and sales tables. The shared store_id connects the tables.

2026-09-23 11:44:07 | INFO | P05 | 
Sales by store: 
region_name       store_name  total_sales
       East     Harbor Point      2388.35
      North        Northgate      2284.10
    Central     River Market      2243.46
       West    Coastal Plaza      2131.11
    Central   Prairie Center      2074.11
      South  Magnolia Market      1998.44
       West    Canyon Center      1665.94
       East     Maple Square      1633.93
      South Peachtree Center      1584.73
       West   Desert Springs      1572.68
    Central Lakeside Commons      1541.37
       East    Pine Crossing      1182.72
      North      Cedar Plaza      1163.52
      South  Sunrise Commons       977.72
      South   Bayou Crossing       786.96
2026-09-23 11:44:07 | INFO | P05 | 
Sales by region:
region_name  total_sales
    Central      5858.94
       West      5369.73
      South      5347.85
       East      5205.00
      North      3447.62
2026-09-23 11:44:07 | INFO | P05 | 
Sales by store type:
store_type  total_sales
  Suburban     11106.49
     Urban     10580.29
Small Town      3542.36
2026-09-23 11:44:07 | INFO | P05 | 
Sales by square feet:
      store_name  square_feet  total_sales
   Pine Crossing        14500      1182.72
  Bayou Crossing        15000       786.96
  Desert Springs        16000      1572.68
    River Market        18000      2243.46
    Harbor Point        19500      2388.35
 Magnolia Market        20500      1998.44
       Northgate        21000      2284.10
Lakeside Commons        22000      1541.37
   Canyon Center        22500      1665.94
     Cedar Plaza        23500      1163.52
  Prairie Center        24500      2074.11
 Sunrise Commons        25000       977.72
    Maple Square        26000      1633.93
Peachtree Center        27500      1584.73
   Coastal Plaza        28000      2131.11
2026-09-23 11:44:07 | INFO | P05 | Correlation between store size and total sales: 0.185
2026-09-23 11:44:07 | INFO | P05 | 
Sales per employee:
      store_name  employee_count  total_sales  sales_per_employee
    River Market               8      2243.46              280.43
  Desert Springs               7      1572.68              224.67
    Harbor Point              11      2388.35              217.12
 Magnolia Market              10      1998.44              199.84
   Pine Crossing               6      1182.72              197.12
       Northgate              12      2284.10              190.34
  Prairie Center              13      2074.11              159.55
  Bayou Crossing               5       786.96              157.39
Lakeside Commons              10      1541.37              154.14
     Cedar Plaza               9      1163.52              129.28
   Canyon Center              13      1665.94              128.15
   Coastal Plaza              18      2131.11              118.40
    Maple Square              15      1633.93              108.93
Peachtree Center              17      1584.73               93.22
 Sunrise Commons              14       977.72               69.84
2026-09-23 11:44:07 | INFO | P05 | Correlation between employee count and total sales: 0.335
2026-09-23 11:44:07 | INFO | P05 | -------------------------------
2026-09-23 11:44:07 | INFO | P05 | 06. VISUALIZE the query result with Python.
2026-09-23 11:44:07 | INFO | P05 | -------------------------------
2026-09-23 11:44:07 | INFO | P05 | 
I chose scatter plots to compare store size and employee count with total sales.

Scatterplots are useful for comparing two numerical variables and make it easier to see whether there appears to be a relationship between them.

I will compare store size with total sales and employee count with total sales. I will also calculate the correlation coefficient for each relationship.

2026-09-23 11:44:07 | INFO | P05 | Chart saved sucessfully at docs\images\store-size-vs-sales.png.
2026-09-23 11:44:08 | INFO | P05 | Chart saved successfully at docs\images\employee-count-vs-sales.png.
2026-09-23 11:44:08 | INFO | P05 | -------------------------------
2026-09-23 11:44:08 | INFO | P05 | 07. SUMMARIZE what you found.
2026-09-23 11:44:08 | INFO | P05 | -------------------------------
2026-09-23 11:44:08 | INFO | P05 | CUSTOM OBSERVATIONS:
    Total sales varied across the stores in the dataset.

    The correlation between store size and total sales was 0.185, which indicates a weak positive relationship. Larger stores did not necessarily have higher total sales.

    The correlation between employee count and total sales was 0.335. This was also a weak positive relationship, although it was stronger than the relationship between store size and total sales.

    Sales per employee also varied across stores. The stores with the highest total sales were not always the stores with the highest sales per employee.
    
2026-09-23 11:44:08 | INFO | P05 | -------------------------------
2026-09-23 11:44:08 | INFO | P05 | 08. DISPLAY the visualization.
2026-09-23 11:44:08 | INFO | P05 | -------------------------------
2026-09-23 11:44:08 | INFO | P05 | In a script, call plt.show() at the end to display all charts.
2026-09-23 11:44:08 | INFO | P05 | Close all chart windows (with the close button) to continue.
2026-09-23 11:44:10 | INFO | P05 | ===================================
2026-09-23 11:44:10 | INFO | P05 | END main() - Executed successfully!
2026-09-23 11:44:10 | INFO | P05 | ===================================
2026-09-23 11:44:59 | INFO | P05 | === RUN START ===
2026-09-23 11:44:59 | INFO | P05 | project=P05 - PYTHON AND SQL
2026-09-23 11:44:59 | INFO | P05 | repo_dir=datafun-05-sql
2026-09-23 11:44:59 | INFO | P05 | python=3.14.7
2026-09-23 11:44:59 | INFO | P05 | os=Windows 11
2026-09-23 11:44:59 | INFO | P05 | shell=powershell
2026-09-23 11:44:59 | INFO | P05 | cwd=.
2026-09-23 11:44:59 | INFO | P05 | github_actions=False
2026-09-23 11:44:59 | INFO | P05 | ===================================
2026-09-23 11:44:59 | INFO | P05 | START main()
2026-09-23 11:44:59 | INFO | P05 | ===================================
2026-09-23 11:44:59 | INFO | P05 | -------------------------------
2026-09-23 11:44:59 | INFO | P05 | 01. LOAD the related tables.
2026-09-23 11:44:59 | INFO | P05 | -------------------------------
2026-09-23 11:44:59 | INFO | P05 | regions file = data\retail\region.csv
2026-09-23 11:44:59 | INFO | P05 | stores file = data\retail\store.csv
2026-09-23 11:44:59 | INFO | P05 | employees file = data\retail\employee.csv
2026-09-23 11:44:59 | INFO | P05 | sales file = data\retail\sale.csv
2026-09-23 11:44:59 | INFO | P05 | Related tables loaded successfully.
2026-09-23 11:44:59 | INFO | P05 | -------------------------------
2026-09-23 11:44:59 | INFO | P05 | 02. INSPECT the grain and keys.
2026-09-23 11:44:59 | INFO | P05 | -------------------------------
2026-09-23 11:44:59 | INFO | P05 | Regions grain: one business region
2026-09-23 11:44:59 | INFO | P05 | Stores grain: one store
2026-09-23 11:44:59 | INFO | P05 | Employees grain: one employee
2026-09-23 11:44:59 | INFO | P05 | Sales grain: one sale
2026-09-23 11:44:59 | INFO | P05 | Regions columns: ['region_id', 'region_name']
2026-09-23 11:44:59 | INFO | P05 | Stores columns: ['store_id', 'store_name', 'region_id', 'store_type', 'square_feet']
2026-09-23 11:44:59 | INFO | P05 | Employees columns: ['employee_id', 'employee_name', 'store_id', 'role', 'years_employed']
2026-09-23 11:44:59 | INFO | P05 | Sales columns: ['sale_id', 'store_id', 'product_group', 'items_sold', 'sale_amount', 'payment_type']
2026-09-23 11:44:59 | INFO | P05 | 
The data is stored in four related tables.

One region can have many stores.
The stores table uses region_id to identify each store's region.

One store can have many employees.
The employees table uses store_id to identify each employee's store.

One store can have many sales.
The sales table uses store_id to identify each sale's store.

The shared keys connect information stored in different tables.

2026-09-23 11:44:59 | INFO | P05 | -------------------------------
2026-09-23 11:44:59 | INFO | P05 | 03. CREATE a SQLite database.
2026-09-23 11:44:59 | INFO | P05 | -------------------------------
2026-09-23 11:44:59 | INFO | P05 | SQLite database = data\retail\business.sqlite
2026-09-23 11:44:59 | INFO | P05 | SQLite database connection created.
2026-09-23 11:44:59 | INFO | P05 | -------------------------------
2026-09-23 11:44:59 | INFO | P05 | 04. LOAD the tables into SQLite.
2026-09-23 11:44:59 | INFO | P05 | -------------------------------
2026-09-23 11:44:59 | INFO | P05 | Related tables loaded into SQLite.
2026-09-23 11:44:59 | INFO | P05 | -------------------------------
2026-09-23 11:44:59 | INFO | P05 | 05. QUERY across related tables with SQL.
2026-09-23 11:44:59 | INFO | P05 | -------------------------------
2026-09-23 11:44:59 | INFO | P05 | 
I want to explore factors that may be related to store sales performance.

I will compare total sales across stores and examine whether store size or employee count has a relationship with total sales. I will also compare sales per employee to account for differences in staffing between stores.

The analysis uses related information from the stores, employees, and sales tables. The shared store_id connects the tables.

2026-09-23 11:44:59 | INFO | P05 | 
Sales by store: 
region_name       store_name  total_sales
       East     Harbor Point      2388.35
      North        Northgate      2284.10
    Central     River Market      2243.46
       West    Coastal Plaza      2131.11
    Central   Prairie Center      2074.11
      South  Magnolia Market      1998.44
       West    Canyon Center      1665.94
       East     Maple Square      1633.93
      South Peachtree Center      1584.73
       West   Desert Springs      1572.68
    Central Lakeside Commons      1541.37
       East    Pine Crossing      1182.72
      North      Cedar Plaza      1163.52
      South  Sunrise Commons       977.72
      South   Bayou Crossing       786.96
2026-09-23 11:44:59 | INFO | P05 | 
Sales by region:
region_name  total_sales
    Central      5858.94
       West      5369.73
      South      5347.85
       East      5205.00
      North      3447.62
2026-09-23 11:44:59 | INFO | P05 | 
Sales by store type:
store_type  total_sales
  Suburban     11106.49
     Urban     10580.29
Small Town      3542.36
2026-09-23 11:44:59 | INFO | P05 | 
Sales by square feet:
      store_name  square_feet  total_sales
   Pine Crossing        14500      1182.72
  Bayou Crossing        15000       786.96
  Desert Springs        16000      1572.68
    River Market        18000      2243.46
    Harbor Point        19500      2388.35
 Magnolia Market        20500      1998.44
       Northgate        21000      2284.10
Lakeside Commons        22000      1541.37
   Canyon Center        22500      1665.94
     Cedar Plaza        23500      1163.52
  Prairie Center        24500      2074.11
 Sunrise Commons        25000       977.72
    Maple Square        26000      1633.93
Peachtree Center        27500      1584.73
   Coastal Plaza        28000      2131.11
2026-09-23 11:44:59 | INFO | P05 | Correlation between store size and total sales: 0.185
2026-09-23 11:44:59 | INFO | P05 | 
Sales per employee:
      store_name  employee_count  total_sales  sales_per_employee
    River Market               8      2243.46              280.43
  Desert Springs               7      1572.68              224.67
    Harbor Point              11      2388.35              217.12
 Magnolia Market              10      1998.44              199.84
   Pine Crossing               6      1182.72              197.12
       Northgate              12      2284.10              190.34
  Prairie Center              13      2074.11              159.55
  Bayou Crossing               5       786.96              157.39
Lakeside Commons              10      1541.37              154.14
     Cedar Plaza               9      1163.52              129.28
   Canyon Center              13      1665.94              128.15
   Coastal Plaza              18      2131.11              118.40
    Maple Square              15      1633.93              108.93
Peachtree Center              17      1584.73               93.22
 Sunrise Commons              14       977.72               69.84
2026-09-23 11:44:59 | INFO | P05 | Correlation between employee count and total sales: 0.335
2026-09-23 11:44:59 | INFO | P05 | -------------------------------
2026-09-23 11:44:59 | INFO | P05 | 06. VISUALIZE the query result with Python.
2026-09-23 11:44:59 | INFO | P05 | -------------------------------
2026-09-23 11:44:59 | INFO | P05 | 
I chose scatter plots to compare store size and employee count with total sales.

Scatterplots are useful for comparing two numerical variables and make it easier to see whether there appears to be a relationship between them.

I will compare store size with total sales and employee count with total sales. I will also calculate the correlation coefficient for each relationship.

2026-09-23 11:44:59 | INFO | P05 | Chart saved sucessfully at docs\images\store-size-vs-sales.png.
2026-09-23 11:44:59 | INFO | P05 | Chart saved successfully at docs\images\employee-count-vs-sales.png.
2026-09-23 11:44:59 | INFO | P05 | -------------------------------
2026-09-23 11:44:59 | INFO | P05 | 07. SUMMARIZE what you found.
2026-09-23 11:44:59 | INFO | P05 | -------------------------------
2026-09-23 11:44:59 | INFO | P05 | CUSTOM OBSERVATIONS:
    Total sales varied across the stores in the dataset.

    The correlation between store size and total sales was 0.185, which indicates a weak positive relationship. Larger stores did not necessarily have higher total sales.

    The correlation between employee count and total sales was 0.335. This was also a weak positive relationship, although it was stronger than the relationship between store size and total sales.

    Sales per employee also varied across stores. The stores with the highest total sales were not always the stores with the highest sales per employee.
    
2026-09-23 11:44:59 | INFO | P05 | -------------------------------
2026-09-23 11:44:59 | INFO | P05 | 08. DISPLAY the visualization.
2026-09-23 11:44:59 | INFO | P05 | -------------------------------
2026-09-23 11:44:59 | INFO | P05 | In a script, call plt.show() at the end to display all charts.
2026-09-23 11:44:59 | INFO | P05 | Close all chart windows (with the close button) to continue.
2026-09-23 11:44:59 | INFO | P05 | ===================================
2026-09-23 11:44:59 | INFO | P05 | END main() - Executed successfully!
2026-09-23 11:44:59 | INFO | P05 | ===================================
